{"type": "FeatureCollection", "features": [{"type": "Feature", "properties": {"n": 1, "nmanzanas": 6, "centro": [-70.677123, -33.451963], "color": "#830e40", "letras": "ABCDEF"}, "geometry": {"type": "MultiPolygon", "coordinates": [[[[-70.6763604886613, -33.45201508512698], [-70.67690481107665, -33.452148659370835], [-70.67721152066585, -33.45137875773448], [-70.6774696006658, -33.45069881042742], [-70.6775014576769, -33.45061478178944], [-70.67676370162098, -33.45041739540097], [-70.67677106431074, -33.45046320769285], [-70.67677524294292, -33.45049368113242], [-70.67677483030663, -33.45052751730904], [-70.67676669264942, -33.450574715720805], [-70.67670890929342, -33.45079883903227], [-70.67667263078907, -33.450930022905766], [-70.67662153742347, -33.451074587075475], [-70.67633524889074, -33.451851755946066], [-70.67632919770024, -33.45186942926433], [-70.67632697508814, -33.45188702494343], [-70.67632855299247, -33.45190475316267], [-70.6763604886613, -33.45201508512698]]], [[[-70.67750718472274, -33.45145349242006], [-70.67766271143888, -33.45142438684746], [-70.67780226622327, -33.451396116264796], [-70.67786018794578, -33.45138261639876], [-70.67785847610325, -33.45134863632444], [-70.677841677807, -33.45113715777338], [-70.67783627214939, -33.45104195813662], [-70.6778315626662, -33.450947167262065], [-70.6778315626662, -33.45086213700109], [-70.67783950466475, -33.45078864838158], [-70.67784970767777, -33.45070103351743], [-70.67774689374428, -33.45067774417338], [-70.67756468612274, -33.450629542157145], [-70.67751461867198, -33.45061807769615], [-70.67748219978617, -33.45070358838046], [-70.67722672927658, -33.451376660627126], [-70.67750718472274, -33.45145349242006]]], [[[-70.67793223620558, -33.452399674101805], [-70.6779259793387, -33.4523101737017], [-70.67786103927142, -33.451396253793135], [-70.67780513377673, -33.45140928373521], [-70.6776652885611, -33.45143761315254], [-70.67751186975275, -33.45146632424717], [-70.67725820716137, -33.45214066883812], [-70.67725155050132, -33.45215841993159], [-70.67724345265643, -33.45221032419039], [-70.67724408406578, -33.45223187103412], [-70.67786229473137, -33.45238265412329], [-70.67793223620558, -33.452399674101805]]], [[[-70.67691802424523, -33.452151900976915], [-70.67723050622092, -33.45222854749925], [-70.67722994734356, -33.45220947580961], [-70.67723844949867, -33.452154980068414], [-70.67724559283863, -33.452135931161884], [-70.67749799203791, -33.45146494521207], [-70.67722182961367, -33.45138928950815], [-70.67691802424523, -33.452151900976915]]], [[[-70.6772311878195, -33.45224258877481], [-70.67690729502205, -33.45216314337166], [-70.6763660942608, -33.45203033516755], [-70.67639006190527, -33.45209172597621], [-70.67639594945648, -33.45211796173071], [-70.67639949469242, -33.452147783421246], [-70.67639521943029, -33.45217750170673], [-70.6761887384841, -33.45300172482478], [-70.67617459036339, -33.453059123213286], [-70.67624546601886, -33.4530749241004], [-70.67718410135782, -33.45328458968587], [-70.67723147245643, -33.452406836923814], [-70.67723674751008, -33.45230939772328], [-70.6772311878195, -33.45224258877481]]], [[[-70.67800268509454, -33.45347004128528], [-70.67793320181343, -33.45241377697507], [-70.67785910698537, -33.45239574629447], [-70.67724498974309, -33.45224596160218], [-70.67725025248993, -33.45230920227672], [-70.67724492751262, -33.452407563650006], [-70.67719743391969, -33.45328758614493], [-70.67791848667386, -33.45345102873868], [-70.67800268509454, -33.45347004128528]]]]}}, {"type": "Feature", "properties": {"n": 2, "nmanzanas": 5, "centro": [-70.675187, -33.451382], "color": "#f9e3b8", "letras": "ABCDE"}, "geometry": {"type": "MultiPolygon", "coordinates": [[[[-70.67428858067609, -33.44974681825352], [-70.67426093991762, -33.44985841899504], [-70.67416633579056, -33.45024076914679], [-70.67547018588232, -33.45058284539152], [-70.67555455552507, -33.45023849952401], [-70.67556385585017, -33.45020039819212], [-70.67558789324539, -33.45010246458586], [-70.67547012056866, -33.45007019809909], [-70.67443652138593, -33.449787298322775], [-70.67437852131916, -33.44977139830504], [-70.67428858067609, -33.44974681825352]]], [[[-70.67521358850269, -33.451731958511694], [-70.67530101535897, -33.45175355918333], [-70.67634538316851, -33.452011361827225], [-70.67631524700754, -33.45190724683733], [-70.67631342491187, -33.451886775056565], [-70.67631600229977, -33.45186637073568], [-70.67632255110927, -33.45184724405394], [-70.67660886257653, -33.451070012924525], [-70.67665976921093, -33.45092597709423], [-70.67669589070657, -33.45079536096774], [-70.67675350735057, -33.4505718842792], [-70.67676136969338, -33.45052628269096], [-70.67676175705706, -33.45049451886758], [-70.67675773568925, -33.45046519230715], [-70.67674944066138, -33.45041357880034], [-70.67571895780645, -33.450137608181706], [-70.67567485852997, -33.4501258083753], [-70.67560090281194, -33.45010598897744], [-70.67557694414982, -33.45020360180787], [-70.67556764516735, -33.45024169763928], [-70.67548165118328, -33.45059267309653], [-70.67523015830879, -33.45166174280672], [-70.67521358850269, -33.451731958511694]]], [[[-70.67416307808367, -33.45025384515464], [-70.67404773493597, -33.45071373898715], [-70.67388753557071, -33.45135253645608], [-70.6738736839184, -33.45140794306535], [-70.673926379412, -33.45142065041035], [-70.67520049874429, -33.451728759066086], [-70.67521704223294, -33.45165865489036], [-70.67546703778139, -33.450595950155446], [-70.67416307808367, -33.45025384515464]]], [[[-70.67387050940744, -33.45142103846179], [-70.67385695890468, -33.45147874027155], [-70.67367246008166, -33.4522641352613], [-70.67363856422766, -33.45240951747873], [-70.67362546888067, -33.45246665265698], [-70.67368931971963, -33.45248143630294], [-70.67488070060456, -33.45275843185579], [-70.67495923524858, -33.45277605831526], [-70.67517083385515, -33.45185539089143], [-70.67518083890747, -33.451811968959746], [-70.675197401991, -33.4517418732582], [-70.67392321849401, -33.45143374908469], [-70.67387050940744, -33.45142103846179]]], [[[-70.67635009428118, -33.45202640390488], [-70.6752977853532, -33.451766640992474], [-70.6752104915989, -33.451745073206695], [-70.67519396109253, -33.451815031040255], [-70.6751839657231, -33.45185841094359], [-70.67497235963492, -33.452779110919955], [-70.6750447515174, -33.45279654369266], [-70.67608392458865, -33.453038137432095], [-70.67616144914969, -33.45305613420519], [-70.6761756615159, -33.452998475175214], [-70.6763819805697, -33.452174898293265], [-70.67638590530757, -33.45214761657875], [-70.67638265054352, -33.45212023826929], [-70.67637713809472, -33.45209567402379], [-70.67635009428118, -33.45202640390488]]]]}}, {"type": "Feature", "properties": {"n": 3, "nmanzanas": 5, "centro": [-70.672059, -33.450591], "color": "#652268", "letras": "ABCDE"}, "geometry": {"type": "MultiPolygon", "coordinates": [[[[-70.6725435691423, -33.45108622565325], [-70.67257626709085, -33.450184455866385], [-70.67260198391094, -33.449475392103245], [-70.67260780268906, -33.44944224584936], [-70.67262788462934, -33.449396108878844], [-70.67263972335225, -33.44937898501178], [-70.67266541376534, -33.449351024763], [-70.67270651838156, -33.44932167559364], [-70.67252183416842, -33.4492715018079], [-70.67067033697894, -33.44876880257099], [-70.67062453930788, -33.448756403201536], [-70.67049606634865, -33.448721529256275], [-70.67047255945508, -33.448821737926046], [-70.67027675576067, -33.449657253690496], [-70.6700956521819, -33.45041296862409], [-70.6700833930287, -33.45046422609796], [-70.67014806350457, -33.45048087124154], [-70.67021584764277, -33.45049796724099], [-70.6725435691423, -33.45108622565325]]], [[[-70.67261541608906, -33.44947680789675], [-70.67258973290697, -33.45018494419378], [-70.67255693246472, -33.45108954063326], [-70.67261007866259, -33.451102350229675], [-70.67339401884178, -33.451291912379176], [-70.6738245991582, -33.44970993061518], [-70.67384682174549, -33.449628355200325], [-70.67337125471715, -33.44950080735389], [-70.67328085284926, -33.449476506852896], [-70.67286773945978, -33.44936570326163], [-70.67272331092123, -33.44932624244736], [-70.67267438623466, -33.44936117523701], [-70.67265027664776, -33.449387414988216], [-70.67263971537066, -33.44940269112115], [-70.67262079731096, -33.44944615415064], [-70.67261541608906, -33.44947680789675]]], [[[-70.67415166245983, -33.45024397139624], [-70.67424785988736, -33.44985518179312], [-70.67427557123212, -33.44974329605568], [-70.67385983675035, -33.44963184507119], [-70.67383760064233, -33.44971347011769], [-70.67340712124798, -33.451295081087096], [-70.67379728391582, -33.451389451498066], [-70.67386058577388, -33.451404778165525], [-70.67387446382612, -33.45134926595654], [-70.67403466503144, -33.45071046114282], [-70.67415166245983, -33.45024397139624]]], [[[-70.6725111020528, -33.45220763039797], [-70.67251266548554, -33.45215360511051], [-70.67254186543576, -33.45114380683238], [-70.67254311173383, -33.45110000835702], [-70.67021255081654, -33.45051103237043], [-70.67014473649542, -33.45049392875846], [-70.67008026623401, -33.45047733514688], [-70.66984595441087, -33.4514622592835], [-70.66983395474566, -33.4515126578779], [-70.66981691922626, -33.45158446350806], [-70.67086341895914, -33.45182663612691], [-70.67245249978492, -33.452194431688994], [-70.6725111020528, -33.45220763039797]]], [[[-70.67255649828991, -33.45110329652298], [-70.67255533460785, -33.45114419163518], [-70.67252613451879, -33.4521539947395], [-70.67252449389436, -33.45221068742853], [-70.67259472637092, -33.452227037846356], [-70.67346952431446, -33.45243033736845], [-70.67356473027894, -33.45245243875305], [-70.67361234544207, -33.45246359581157], [-70.67362543577234, -33.45240648252127], [-70.67365933991834, -33.45226106473869], [-70.67384384113883, -33.45147565954322], [-70.67385741140242, -33.45141787358634], [-70.67379411534158, -33.45140254832232], [-70.67339721622882, -33.45130654853693], [-70.67260691892265, -33.45111544918831], [-70.67255649828991, -33.45110329652298]]]]}}, {"type": "Feature", "properties": {"n": 4, "nmanzanas": 4, "centro": [-70.669158, -33.449812], "color": "#80b2e2", "letras": "ABCD"}, "geometry": {"type": "MultiPolygon", "coordinates": [[[[-70.66904330275713, -33.44959205521587], [-70.66901545935738, -33.44957647122346], [-70.66898165008976, -33.44954817546718], [-70.6689599700846, -33.44951335930126], [-70.66895541312724, -33.44947181680632], [-70.66896204688207, -33.44942252290507], [-70.66896997709097, -33.449380663447954], [-70.66898007386482, -33.44932578098423], [-70.66901710015243, -33.449125397513995], [-70.6690300179838, -33.44909368056215], [-70.66904740222198, -33.44907157467904], [-70.66906548376369, -33.44905869022716], [-70.66909465786844, -33.449046231534744], [-70.66913092912318, -33.44903605914319], [-70.66917114721865, -33.449031831087], [-70.66920152822328, -33.44903454670752], [-70.66922076544454, -33.448934001427986], [-70.6693715037811, -33.44847848338702], [-70.66938877348262, -33.448426320031885], [-70.66860302003585, -33.44821079795349], [-70.66854887563107, -33.448195985805796], [-70.66837587074684, -33.44814598107181], [-70.66836169220039, -33.44826757853963], [-70.66834527371809, -33.4484090377804], [-70.66828223653609, -33.44879076293814], [-70.66814291963698, -33.44954235410599], [-70.66806133057327, -33.449963897601776], [-70.66811571880324, -33.449977360034936], [-70.66817892104069, -33.449993060588305], [-70.66893877165249, -33.450181015808134], [-70.669072088684, -33.44960232983873], [-70.66904330275713, -33.44959205521587]]], [[[-70.66921479853465, -33.44903689225715], [-70.6692427621542, -33.449044282042486], [-70.66926577129749, -33.44905640293047], [-70.66928769935065, -33.44906731548274], [-70.66931131218769, -33.44908688648282], [-70.66932708988374, -33.44911161908744], [-70.66933745623163, -33.44914068760936], [-70.66933702868235, -33.44916708877759], [-70.66929142267452, -33.44945265254967], [-70.66928024766024, -33.44950370903689], [-70.66926795241605, -33.44952434366411], [-70.6692495350253, -33.44954741713679], [-70.66922584929024, -33.449569052158864], [-70.66920348467468, -33.449586481859264], [-70.6691671991484, -33.44959941118471], [-70.66912829758886, -33.4496071708043], [-70.66908529843015, -33.44960501185073], [-70.66895185376094, -33.4501842518539], [-70.66993421785293, -33.45042725979979], [-70.67007032680986, -33.450460929359565], [-70.67008254746719, -33.45040983284311], [-70.67026364423934, -33.449654146309506], [-70.67045944038648, -33.44881866275006], [-70.67048304761592, -33.448718026352985], [-70.66940180029663, -33.44842984532202], [-70.66938429605925, -33.448482717095445], [-70.66923383455547, -33.44893739857201], [-70.66921479853465, -33.44903689225715]]], [[[-70.66805855428223, -33.44997709171889], [-70.66804009051783, -33.45005870155755], [-70.66795990774295, -33.450461315066775], [-70.66790960790252, -33.450714214264515], [-70.66783800785572, -33.451073414502346], [-70.66782846733, -33.451121470483756], [-70.66790695433687, -33.451140444347445], [-70.66967022549763, -33.45155033764342], [-70.66980379315753, -33.451581417626926], [-70.66982084462592, -33.45150954477094], [-70.66983284573303, -33.451459140111595], [-70.67006720019447, -33.45047403674592], [-70.66993098213746, -33.45044034019784], [-70.66894218214706, -33.45019574020021], [-70.66817568222368, -33.45000614021916], [-70.66811247845172, -33.4499904392856], [-70.66805855428223, -33.44997709171889]]], [[[-70.66920583106598, -33.449048459709395], [-70.66917125278134, -33.449045368913005], [-70.66913347087683, -33.44904934085681], [-70.66909914213156, -33.44905896846526], [-70.66907211623632, -33.44907050977284], [-70.66905679777803, -33.449081425320955], [-70.6690417820162, -33.449100519437856], [-70.66903009984757, -33.449129202486006], [-70.66899332566125, -33.449328221592005], [-70.66898322290902, -33.44938313655204], [-70.66897535311792, -33.44942467709494], [-70.66896898687276, -33.449471983193675], [-70.66897302991539, -33.44950884069875], [-70.66899194991024, -33.44953922453282], [-70.66902314064262, -33.449565328776536], [-70.66904889724287, -33.44957974478414], [-70.66908132960714, -33.44959132093776], [-70.66912730241114, -33.449593629195704], [-70.66916360085159, -33.44958638881529], [-70.66919691532533, -33.44957451814074], [-70.66921715070977, -33.44955874784114], [-70.6692396649747, -33.449538182863215], [-70.66925684758394, -33.44951665633589], [-70.66926755233975, -33.44949869096311], [-70.66927817732548, -33.449450147450335], [-70.66932357131765, -33.4491659112224], [-70.66932394376838, -33.44914291239064], [-70.66931491011626, -33.449117580912564], [-70.6693010878123, -33.44909591351718], [-70.66928030064936, -33.449078684517254], [-70.66925962870252, -33.44906839706954], [-70.6692378378458, -33.44905691795751], [-70.66920583106598, -33.449048459709395]]]]}}, {"type": "Feature", "properties": {"n": 5, "nmanzanas": 9, "centro": [-70.666476, -33.449233], "color": "#1d9d4c", "letras": "ABCDEFGHI"}, "geometry": {"type": "MultiPolygon", "coordinates": [[[[-70.66573997844512, -33.44938961466832], [-70.66574481082712, -33.44934739490974], [-70.66594571561664, -33.44775625697743], [-70.66596271994514, -33.44762127317874], [-70.66529778771277, -33.447498827374325], [-70.66500169557713, -33.447445028803244], [-70.66491280105882, -33.44742881156178], [-70.66480771054553, -33.447406682369994], [-70.66481354150022, -33.44753994789929], [-70.66481243464176, -33.447579090439746], [-70.66477203463589, -33.449002290647904], [-70.66476788786986, -33.44914916331428], [-70.66492271743816, -33.4491874596972], [-70.66567161739367, -33.4493726596862], [-70.66573997844512, -33.44938961466832]]], [[[-70.66597599203102, -33.44762372669589], [-70.66595908450364, -33.44775794206769], [-70.66575818917288, -33.44934900509026], [-70.66575316713038, -33.44939288188255], [-70.6658040177252, -33.449405459768194], [-70.66635251804678, -33.44954115984774], [-70.66646932537593, -33.44957008089307], [-70.66649476897834, -33.44898270842787], [-70.66654266897345, -33.44787730854053], [-70.66654546702563, -33.44781265354928], [-70.6665479911202, -33.44772833009333], [-70.66640350454858, -33.44770303051388], [-70.66597599203102, -33.44762372669589]]], [[[-70.66737385374431, -33.44864436926345], [-70.6671255606855, -33.44860470232408], [-70.66723669541007, -33.447853367565955], [-70.66717200241828, -33.44784061120138], [-70.66712036183235, -33.44783052280838], [-70.66656140073982, -33.44773070480492], [-70.66655893297437, -33.44781314645073], [-70.66655613103359, -33.44787789129666], [-70.66650852285025, -33.4489765569726], [-70.66663968728848, -33.44898216879412], [-70.66692148387354, -33.448994168648696], [-70.66696698810541, -33.44899606882541], [-70.6670262914927, -33.44899866897392], [-70.66730800969665, -33.44901071742284], [-70.66737385374431, -33.44864436926345]]], [[[-70.66714083931448, -33.44859349767592], [-70.66738277594051, -33.4486321491208], [-70.66810146969755, -33.448749864477335], [-70.66827007591334, -33.44878170056257], [-70.66833192628191, -33.4484071622196], [-70.66834830759248, -33.44826602324498], [-70.66836274072959, -33.44814224235893], [-70.66826254520555, -33.448114305043624], [-70.66738213472485, -33.447884754457235], [-70.6673062737874, -33.44786828464845], [-70.66724991170841, -33.447856105461035], [-70.66714083931448, -33.44859349767592]]], [[[-70.668267751673, -33.448794974469415], [-70.66809913030247, -33.44876313552267], [-70.66738715758426, -33.44864652100982], [-70.66731919030335, -33.44902468257716], [-70.66702570850731, -33.44901213102607], [-70.66696641189459, -33.449009531174596], [-70.66692091890576, -33.44900763146737], [-70.66663911336123, -33.44899563123356], [-70.66650793960461, -33.44899001901349], [-70.66648266969901, -33.44957338164084], [-70.66659351974491, -33.449600760266634], [-70.6666241233805, -33.449608361169595], [-70.66670592033478, -33.44962866041375], [-70.6671162177525, -33.449730159774944], [-70.66787471729576, -33.44991775966198], [-70.6680482329263, -33.44996065765046], [-70.66812968036302, -33.449539845894], [-70.668267751673, -33.448794974469415]]], [[[-70.66558915287645, -33.45051908135042], [-70.66559822184382, -33.45045110899105], [-70.66572982203951, -33.44946640752554], [-70.66573831970658, -33.44940308619253], [-70.66566838037492, -33.449385739761986], [-70.66491948260634, -33.449200540313804], [-70.66476746316121, -33.44916293900196], [-70.66476263379323, -33.44931141839408], [-70.66475193434592, -33.449642201307235], [-70.66473703479878, -33.45018518480387], [-70.66473457824394, -33.450274660089434], [-70.66504695222064, -33.45036402227306], [-70.66538425139525, -33.45046042203717], [-70.66553535273755, -33.45050372242006], [-70.66558915287645, -33.45051908135042]]], [[[-70.66575147786651, -33.44940634479513], [-70.66574317771781, -33.449468194290226], [-70.66561157806069, -33.450452891724694], [-70.6656022368898, -33.45052290426294], [-70.66570394279312, -33.450553548858814], [-70.66629364187955, -33.450731048583826], [-70.66633704271955, -33.45074414883527], [-70.66639678336591, -33.45076209742416], [-70.6664000746543, -33.45070709826295], [-70.66645487611025, -33.44978787384121], [-70.6664623778021, -33.449676148643825], [-70.66646859838295, -33.449583782441465], [-70.6663492813592, -33.44955424000529], [-70.66580078208217, -33.44941854018416], [-70.66575147786651, -33.44940634479513]]], [[[-70.66648188238476, -33.44958706676539], [-70.66647582215273, -33.44967705202879], [-70.66646832388976, -33.44978872615879], [-70.66641352539274, -33.45070790094813], [-70.66641005968296, -33.45076581478548], [-70.66647932786488, -33.450783062284586], [-70.66702721922712, -33.45091951750238], [-70.66703207792439, -33.45084744682636], [-70.667107493493, -33.44974188241716], [-70.66670268208905, -33.44964174018586], [-70.66662087724444, -33.449621438985496], [-70.6665902802551, -33.44961383973336], [-70.66648188238476, -33.44958706676539]]], [[[-70.66712077537049, -33.44974516770017], [-70.66704552189489, -33.45084835585429], [-70.66704050148579, -33.450922825256036], [-70.66763954331445, -33.45107199103237], [-70.66774129153447, -33.45110117617996], [-70.66781534636937, -33.45111836421571], [-70.66782479163838, -33.451070788045854], [-70.66789639237378, -33.45071158434631], [-70.66794669209747, -33.450458685735484], [-70.66802690948218, -33.45005589844244], [-70.66804547128945, -33.44997385525432], [-70.6678714830233, -33.449930840416904], [-70.66712077537049, -33.44974516770017]]]]}}, {"type": "Feature", "properties": {"n": 6, "nmanzanas": 4, "centro": [-70.662585, -33.448024], "color": "#f46926", "letras": "ABCD"}, "geometry": {"type": "MultiPolygon", "coordinates": [[[[-70.66071399964757, -33.44652314897736], [-70.66069617145621, -33.446643041206016], [-70.66064536356116, -33.44702370035679], [-70.66061581031836, -33.447200819452576], [-70.66057012414835, -33.447397089643495], [-70.66050296377693, -33.447632301078364], [-70.6602648589854, -33.44841881690594], [-70.66005606926169, -33.44913668157382], [-70.6600240682362, -33.449246485096154], [-70.6599999269343, -33.44932922894865], [-70.66017040922146, -33.449363191092516], [-70.6608872014625, -33.449504389564105], [-70.66100458976143, -33.449527488551965], [-70.66101998891908, -33.449449201816414], [-70.66155682478387, -33.44671065052695], [-70.66143463738415, -33.44668347665734], [-70.66082484027876, -33.44654777730155], [-70.66078733995393, -33.44653947722965], [-70.66071399964757, -33.44652314897736]]], [[[-70.66252196568472, -33.44691432705744], [-70.66170431014426, -33.44674179241756], [-70.6615699971423, -33.446713500955454], [-70.66103321149983, -33.449451796046645], [-70.66101781381907, -33.44953007528126], [-70.66109400220732, -33.44954488969008], [-70.66198401697116, -33.44972249263622], [-70.66206453015282, -33.44973852157628], [-70.66224984380302, -33.44855535754671], [-70.66248014376997, -33.44708455775784], [-70.6624850986801, -33.447053008121465], [-70.66252196568472, -33.44691432705744]]], [[[-70.66207775822224, -33.44974114486594], [-70.66320417534357, -33.44996358440517], [-70.66337380053864, -33.4499954891441], [-70.66341471575026, -33.450003892890884], [-70.66342029435106, -33.44994624734929], [-70.66361090031734, -33.44799898639674], [-70.66362264190744, -33.44789702523832], [-70.66364668641027, -33.44778163174561], [-70.66368057855672, -33.4476809580325], [-70.66378245927413, -33.447340822408734], [-70.66382725884232, -33.44719841697282], [-70.66268297420861, -33.44694978474063], [-70.66263985774874, -33.44694048118897], [-70.66253514959553, -33.44691718126659], [-70.66249830131991, -33.44705579187853], [-70.66249345599033, -33.44708664377297], [-70.66226315623003, -33.44855744224216], [-70.66207775822224, -33.44974114486594]]], [[[-70.663427988804, -33.450006626715165], [-70.66353285719109, -33.45002830077712], [-70.6645844507388, -33.45024349945672], [-70.66472118554957, -33.4502714894318], [-70.664723565204, -33.450184815095355], [-70.66473846565408, -33.44964179869276], [-70.6647491661879, -33.44931098218927], [-70.66475426575755, -33.449154195417265], [-70.6647585653499, -33.44900190985558], [-70.66479896536745, -33.447578709234456], [-70.66480005849976, -33.447540052100706], [-70.66479409788542, -33.44740382322082], [-70.66413218441794, -33.44726538704583], [-70.66408185190302, -33.44725427987057], [-70.66384047687806, -33.447201302247876], [-70.66379534072587, -33.44734477759127], [-70.66369342144327, -33.447685041967496], [-70.66365971358972, -33.447785168254384], [-70.66363595809256, -33.44789917476169], [-70.66362429968265, -33.44800041360325], [-70.66343370564894, -33.44994755265071], [-70.663427988804, -33.450006626715165]]]]}}, {"type": "Feature", "properties": {"n": 7, "nmanzanas": 4, "centro": [-70.675691, -33.453504], "color": "#c3c210", "letras": "ABCD"}, "geometry": {"type": "MultiPolygon", "coordinates": [[[[-70.67337266804788, -33.453523892097266], [-70.67341730498204, -33.45353301053712], [-70.67462986022367, -33.453802422811016], [-70.67471128336703, -33.453820485965686], [-70.67472544545939, -33.45376104125959], [-70.67494274482864, -33.45284564391661], [-70.67495616739654, -33.452789179646224], [-70.67487769939545, -33.45277156814421], [-70.67368627727684, -33.45249456300165], [-70.67362239634835, -33.45247977238894], [-70.67338705302413, -33.45346356510307], [-70.67337266804788, -33.453523892097266]]], [[[-70.67472443967924, -33.453823405196786], [-70.67479435677335, -33.45383892204535], [-70.67483055747724, -33.4538469222009], [-70.67585325978843, -33.454074122714346], [-70.67591488518036, -33.454087787081725], [-70.6759279465698, -33.45403303659999], [-70.67614454713063, -33.45312653425096], [-70.67615826816692, -33.4530692287433], [-70.67608087648868, -33.453051262818], [-70.6750416484826, -33.45280965630733], [-70.67496929194746, -33.452792232046654], [-70.6749558549269, -33.45284875711313], [-70.67473855517136, -33.45376415608339], [-70.67472443967924, -33.453823405196786]]], [[[-70.67592806704404, -33.45409059948442], [-70.67596948089177, -33.45409910564816], [-70.67611850558144, -33.454130910917506], [-70.67714247955135, -33.454349242254374], [-70.67718016776415, -33.45338273795491], [-70.6771834497265, -33.453298250866986], [-70.67624253261792, -33.453088075595694], [-70.67617140769276, -33.45307221913686], [-70.67615765250424, -33.453129667277125], [-70.67594105314865, -33.45403616458021], [-70.67592806704404, -33.45409059948442]]], [[[-70.67807545732893, -33.454531859847805], [-70.67800362164166, -33.45348406668741], [-70.67791551602897, -33.453464171871644], [-70.67719681755112, -33.453301262929166], [-70.67719363225626, -33.45338326151939], [-70.67715585503092, -33.45435204852418], [-70.67744827981376, -33.454412005417566], [-70.67797312794023, -33.454524030312804], [-70.6780279040792, -33.454529280105504], [-70.67807545732893, -33.454531859847805]]]]}}, {"type": "Feature", "properties": {"n": 8, "nmanzanas": 3, "centro": [-70.671584, -33.452568], "color": "#219b4f", "letras": "ABC"}, "geometry": {"type": "MultiPolygon", "coordinates": [[[[-70.67249468581592, -33.45332962594364], [-70.67256005542939, -33.453344121747755], [-70.67259765226824, -33.45335242104994], [-70.67329745605828, -33.45350732188772], [-70.6733594847362, -33.453521085914566], [-70.67337394640414, -33.45346043729458], [-70.67360927276908, -33.45247671546668], [-70.67356166972107, -33.452465561246946], [-70.67346647648868, -33.452443462818], [-70.67259167491257, -33.45224016245192], [-70.6725241217871, -33.4522244357989], [-70.67252283508955, -33.452274273883546], [-70.67249663494495, -33.45325787939768], [-70.67249468581592, -33.45332962594364]]], [[[-70.6695589389279, -33.45266083797538], [-70.6696668906572, -33.45268532964171], [-70.66971179108259, -33.45269552973808], [-70.6704331379894, -33.45285907076193], [-70.67082305670387, -33.45191226737492], [-70.67085272992027, -33.45183799331181], [-70.66981379565811, -33.451597571433844], [-70.66980185224574, -33.4516474683567], [-70.66965585174732, -33.45225647043753], [-70.66958635181018, -33.4525464701752], [-70.66957525162367, -33.45259267095624], [-70.6695589389279, -33.45266083797538]]], [[[-70.67078068358138, -33.45293622799486], [-70.67241120628728, -33.45331053320726], [-70.67248128850221, -33.45332659558431], [-70.67248316510243, -33.45325751882343], [-70.67250936498195, -33.45227392334648], [-70.67251072211585, -33.4522213570274], [-70.67244950021507, -33.45220756831101], [-70.67086601208578, -33.45184106718839], [-70.67083554329612, -33.45191733262507], [-70.67044648023641, -33.452862058305136], [-70.67078068358138, -33.45293622799486]]]]}}, {"type": "Feature", "properties": {"n": 9, "nmanzanas": 4, "centro": [-70.66702, -33.451476], "color": "#7d183f", "letras": "ABCD"}, "geometry": {"type": "MultiPolygon", "coordinates": [[[[-70.66553089313916, -33.4510131959266], [-70.66558743906259, -33.45053260509222], [-70.66553164726244, -33.450516677579934], [-70.66538054630841, -33.450473377306544], [-70.66504324860475, -33.45037697796283], [-70.664733618341, -33.450288400685345], [-70.66472450532542, -33.450381555955744], [-70.66465781230009, -33.45106238475615], [-70.66464476479952, -33.45123339665292], [-70.66465530155708, -33.451331772548215], [-70.66468007782781, -33.45139440145482], [-70.66470175747762, -33.451439633087816], [-70.66471627678098, -33.45146101962925], [-70.66473164425726, -33.451483723836134], [-70.66476591058796, -33.45152728103784], [-70.66479768647683, -33.45157263206912], [-70.66481694820236, -33.45160231559782], [-70.66495254534892, -33.45163221952385], [-70.66497814542215, -33.451637819539876], [-70.66569137313347, -33.45179512735802], [-70.6656960761395, -33.451720874128206], [-70.66569807629129, -33.4516894717383], [-70.66572231583638, -33.451310716372404], [-70.66571204287354, -33.45126386398108], [-70.66569656975406, -33.451237069066885], [-70.66557543648918, -33.45111024832581], [-70.66553944098233, -33.45106163370447], [-70.66553089313916, -33.4510131959266]]], [[[-70.66560055198164, -33.45053646962277], [-70.66554450686084, -33.45101280407341], [-70.66555215901768, -33.45105616629553], [-70.66558576351082, -33.45110155167419], [-70.66570743024593, -33.45122893093312], [-70.66572475712647, -33.45125893601892], [-70.66573588416361, -33.4513096836276], [-70.66571152364212, -33.451690329307226], [-70.66570952378548, -33.451721727056515], [-70.66570468880846, -33.45179806390517], [-70.66635555951578, -33.45194158070021], [-70.66638976616095, -33.45099698154478], [-70.66639306543355, -33.45088190691513], [-70.66639436546798, -33.45083720571217], [-70.66639611777677, -33.45077596713123], [-70.66633315728045, -33.45075705116473], [-70.66628975562215, -33.45074395066419], [-70.66570005812045, -33.45056645141618], [-70.66560055198164, -33.45053646962277]]], [[[-70.66640949514279, -33.4507795603117], [-70.66640783457729, -33.45083759270628], [-70.66640653452656, -33.45088229447562], [-70.66640323383906, -33.45099741845522], [-70.66636893624606, -33.45194452908877], [-70.66642654938575, -33.451957220414315], [-70.66651705232503, -33.4519772210623], [-70.66743265067984, -33.45217912069951], [-70.66759693519667, -33.45221534015147], [-70.66770719236955, -33.45166158436832], [-70.66779909227667, -33.45120008483471], [-70.6678127186477, -33.45113158717097], [-70.66773790846554, -33.45111422382004], [-70.66763605668554, -33.45108500896763], [-70.66703177206557, -33.450934537698096], [-70.66647607195617, -33.45079613767086], [-70.66640949514279, -33.4507795603117]]], [[[-70.66761008892443, -33.45221828045895], [-70.66768218987922, -33.45223462946526], [-70.66772919370425, -33.45224533033348], [-70.66942559186312, -33.45263052991542], [-70.6695457979358, -33.452657853789695], [-70.66956214766988, -33.45258953199587], [-70.66957324863806, -33.45254332795441], [-70.66964274818982, -33.4522533298248], [-70.66978874803264, -33.451644330480335], [-70.6698006694561, -33.451594525422344], [-70.66966717378892, -33.45156346219073], [-70.66790384566312, -33.45115355565255], [-70.6678258385476, -33.451134697800335], [-70.66781230785313, -33.45120271451284], [-70.667720407621, -33.45166421567917], [-70.66761008892443, -33.45221828045895]]]]}}, {"type": "Feature", "properties": {"n": 10, "nmanzanas": 4, "centro": [-70.66219, -33.45042], "color": "#82b1e2", "letras": "ABCD"}, "geometry": {"type": "MultiPolygon", "coordinates": [[[[-70.66016779077854, -33.44937640890748], [-70.6599960430192, -33.44934219466617], [-70.65998344460917, -33.4493829645209], [-70.65988775104024, -33.44970124313104], [-70.65975775660202, -33.450132024700174], [-70.65966289991039, -33.45045418504292], [-70.65976535536846, -33.45047692173362], [-70.6598188511143, -33.45048872079532], [-70.66067805764176, -33.45067912223842], [-70.66077424804689, -33.450700435564336], [-70.66079119152138, -33.45061608854099], [-70.66100199340372, -33.44954071071602], [-70.66088459921073, -33.44951761056837], [-70.66016779077854, -33.44937640890748]]], [[[-70.662062482543, -33.44975185303365], [-70.66198138451622, -33.4497357076599], [-70.66109139779267, -33.449558110309916], [-70.66101521745087, -33.449543297465674], [-70.66080440847861, -33.45061871145901], [-70.66078740413391, -33.45070336150286], [-70.66083425940917, -33.45071382262436], [-70.66088595430828, -33.450725221499596], [-70.66177705785927, -33.45092272228662], [-70.66188281145975, -33.4509461605846], [-70.66189163765195, -33.450887497610246], [-70.66205013757123, -33.44983399814667], [-70.662062482543, -33.44975185303365]]], [[[-70.66325068363456, -33.451256472728424], [-70.66339551983123, -33.450151724207714], [-70.66340612017953, -33.450071421548934], [-70.66341320566247, -33.45001733868558], [-70.66337119946135, -33.4500087108559], [-70.66320162465644, -33.44997681559484], [-70.66207571431676, -33.449754476132455], [-70.66206346251798, -33.44983600125976], [-70.66190496235302, -33.45088950235686], [-70.66189599467882, -33.45094910568633], [-70.66194177888997, -33.450959426982486], [-70.66266589284257, -33.4511220301156], [-70.66325068363456, -33.451256472728424]]], [[[-70.66342643820863, -33.45002006569087], [-70.66341948024771, -33.45007317519], [-70.66340887977977, -33.450153478759326], [-70.6632639053629, -33.451259281564624], [-70.66335457423338, -33.451276703475685], [-70.66458520725232, -33.451553116159914], [-70.66461093286394, -33.451362727363836], [-70.66463130251545, -33.451232721058574], [-70.66464438769991, -33.45106121524385], [-70.66471109471694, -33.45038024361134], [-70.6647204038579, -33.45028508350362], [-70.66458174899904, -33.45025670048963], [-70.66353014280892, -33.45004149922288], [-70.66342643820863, -33.45002006569087]]]]}}, {"type": "Feature", "properties": {"n": 11, "nmanzanas": 5, "centro": [-70.675567, -33.454533], "color": "#81b0e2", "letras": "ABCDE"}, "geometry": {"type": "MultiPolygon", "coordinates": [[[[-70.67470820314428, -33.4538336048986], [-70.67462694084409, -33.45381557742586], [-70.67341449501795, -33.45354618946288], [-70.67336960125374, -33.453537018557725], [-70.6731298933042, -33.454585827258185], [-70.67438765220356, -33.45485219960555], [-70.67440741129816, -33.45485611130448], [-70.6744677574507, -33.454870023441444], [-70.67468913696712, -33.45391577741462], [-70.67469633729375, -33.45388487599904], [-70.67470820314428, -33.4538336048986]]], [[[-70.67591182100463, -33.454100909590714], [-70.67585034153531, -33.45408727757916], [-70.67482764252276, -33.4538600777991], [-70.67479144616486, -33.45385207860398], [-70.67472135841547, -33.453836523884284], [-70.67470946270625, -33.453887924000966], [-70.6747022622986, -33.45391882575048], [-70.67448087904357, -33.4548730878924], [-70.6745393449308, -33.45488691853239], [-70.67557999995589, -33.455097809418135], [-70.67559530906695, -33.45510121144281], [-70.67568267771216, -33.45511916900247], [-70.67589262588189, -33.45418542600731], [-70.67589812848617, -33.454160814359035], [-70.67591182100463, -33.454100909590714]]], [[[-70.67714075143469, -33.45436265134606], [-70.67611569504966, -33.45414408921706], [-70.67596671910825, -33.45411229435184], [-70.67592499956874, -33.45410372540077], [-70.67591127151384, -33.454163785640965], [-70.67590577411812, -33.4541883739927], [-70.67569587129334, -33.45512191531656], [-70.67676091893793, -33.45534631370991], [-70.67686478985743, -33.455369185287374], [-70.6769077567413, -33.45537649139718], [-70.67713183914901, -33.45440016782481], [-70.67714075143469, -33.45436265134606]]], [[[-70.67744027883059, -33.45442411992863], [-70.67715394529475, -33.45436541194528], [-70.677144960851, -33.45440323217519], [-70.6769210376646, -33.455378862022826], [-70.67740486912558, -33.45546894594121], [-70.67746924530056, -33.455477659843346], [-70.67744116465829, -33.45446566524817], [-70.67744027883059, -33.45442411992863]]], [[[-70.67814801887613, -33.45553062235738], [-70.67814268026945, -33.45545678671246], [-70.67811398040139, -33.455061288530736], [-70.67807641134625, -33.45454540608393], [-70.67802689592081, -33.45454271989449], [-70.67797107205978, -33.454537369687195], [-70.67745381723454, -33.45442696552514], [-70.67745463534172, -33.45446533475182], [-70.67748277204137, -33.45547934959212], [-70.67754722377569, -33.455486490551316], [-70.6780164280026, -33.455521775828714], [-70.67804711669461, -33.455523375239366], [-70.67814801887613, -33.45553062235738]]]]}}, {"type": "Feature", "properties": {"n": 12, "nmanzanas": 2, "centro": [-70.671341, -33.453614], "color": "#952c90", "letras": "AB"}, "geometry": {"type": "MultiPolygon", "coordinates": [[[[-70.6724809263763, -33.45334033663497], [-70.67240819487384, -33.45332366705886], [-70.67077771641861, -33.45294937200514], [-70.67043572531352, -33.45287347397918], [-70.66970881034202, -33.452708670584904], [-70.66966390842717, -33.45269847015055], [-70.66955588459273, -33.45267396212529], [-70.66932376676196, -33.45370060657193], [-70.669306421387, -33.45377512744215], [-70.66944429048867, -33.45380420771601], [-70.67085499471439, -33.45410180860747], [-70.67177054193925, -33.454296118630175], [-70.67180907543964, -33.4543048262004], [-70.67232496292469, -33.45441982341067], [-70.6723704600023, -33.45442992276196], [-70.67244999645976, -33.454447648027205], [-70.672451665346, -33.45438870999182], [-70.67247826530952, -33.45344221129007], [-70.67247926503047, -33.45340642128041], [-70.6724809263763, -33.45334033663497]]], [[[-70.67335642136084, -33.453534208577025], [-70.6732945422142, -33.45352047772989], [-70.67259474583891, -33.45336557853222], [-70.67255714773177, -33.45335727895006], [-70.67249432957298, -33.45334334893781], [-70.67249273496954, -33.45340677871959], [-70.67249173470694, -33.45344258812031], [-70.67246513467478, -33.4543890892682], [-70.67246339520949, -33.4544505198639], [-70.67252513450642, -33.454462996155705], [-70.67301813932431, -33.454562997131134], [-70.67311669808355, -33.45458308434194], [-70.67335642136084, -33.453534208577025]]]]}}, {"type": "Feature", "properties": {"n": 13, "nmanzanas": 4, "centro": [-70.667008, -33.452709], "color": "#656668", "letras": "ABCD"}, "geometry": {"type": "MultiPolygon", "coordinates": [[[[-70.66628573756594, -33.45313292011444], [-70.66635493716345, -33.45195524182162], [-70.66569614926873, -33.45180997928915], [-70.66497525457784, -33.45165098046012], [-70.66494965465107, -33.451645380476144], [-70.66482557139432, -33.45161801576659], [-70.66484558718581, -33.451655798384245], [-70.66486281376123, -33.45169626554661], [-70.66487710549012, -33.451754648779485], [-70.66504574750158, -33.45277700346467], [-70.66505970722223, -33.45286180639129], [-70.666013754992, -33.45307282165179], [-70.6661850530217, -33.45311072121585], [-70.66628573756594, -33.45313292011444]]], [[[-70.6650455724805, -33.4528588981974], [-70.66503245231719, -33.452779195436705], [-70.66486389450989, -33.45175735122052], [-70.66484998623878, -33.45170053445339], [-70.66483341281419, -33.45166160161576], [-70.66480832091489, -33.451614237131665], [-70.66467940442102, -33.451586891208734], [-70.66459684389953, -33.45156944237772], [-70.66458870283704, -33.45164948091347], [-70.66447742159197, -33.4527462823897], [-70.66492310948036, -33.45283459114775], [-70.6650455724805, -33.4528588981974]]], [[[-70.66636826252106, -33.45195817840509], [-70.66629906259156, -33.45313586234788], [-70.66719875422824, -33.453334921482785], [-70.66729655298471, -33.453356521208136], [-70.66736663677106, -33.453372034545495], [-70.66737979240165, -33.453305984207084], [-70.667582292329, -33.452288784571984], [-70.6675943015693, -33.45222855777881], [-70.66742974946864, -33.452192279333225], [-70.66651414919694, -33.45199037927332], [-70.66642364838151, -33.45197037909385], [-70.66636826252106, -33.45195817840509]]], [[[-70.66954274448304, -33.45267097810977], [-70.66942260740034, -33.45264366991733], [-70.66772620813688, -33.45225847008458], [-70.66767920728144, -33.45224776989092], [-70.66760745484332, -33.45223149991132], [-70.66759550746782, -33.45229141644859], [-70.667393007671, -33.453308615428014], [-70.66737981145384, -33.45337486953919], [-70.66746377523621, -33.45339240451694], [-70.66865116907725, -33.453639603234734], [-70.66914466279673, -33.45374170193536], [-70.66922856060016, -33.45375900148243], [-70.66929322798958, -33.45377237153244], [-70.66931063323803, -33.453697593428075], [-70.66954274448304, -33.45267097810977]]]]}}, {"type": "Feature", "properties": {"n": 14, "nmanzanas": 4, "centro": [-70.66196, -33.45161], "color": "#962a91", "letras": "ABCD"}, "geometry": {"type": "MultiPolygon", "coordinates": [[[[-70.65932844637109, -33.45158429901502], [-70.65935330712529, -33.45163146827868], [-70.6593693316931, -33.45165579826273], [-70.65938875897061, -33.45167945722444], [-70.65941758490432, -33.4517004040696], [-70.65945095883015, -33.451716702963616], [-70.65948767050394, -33.45172766751684], [-70.65995637476921, -33.45182780433429], [-70.66039524063048, -33.4519169973961], [-70.6605286072293, -33.45194405176328], [-70.66054759108033, -33.45184829085954], [-70.6607569867212, -33.4507903128842], [-70.66077165277599, -33.45071366199408], [-70.66067514252843, -33.45069227779929], [-70.65981594562238, -33.45050187848492], [-70.65976244463154, -33.45049007826638], [-70.659659080852, -33.45046714000297], [-70.65955686220602, -33.45081340566628], [-70.65949756274706, -33.451014703829614], [-70.65938835711248, -33.45138512294238], [-70.65932844637109, -33.45158429901502]]], [[[-70.66078481180692, -33.450716589148094], [-70.6607702132788, -33.4507928871158], [-70.66056080912901, -33.45185090808281], [-70.66054181289897, -33.45194673143207], [-70.66064264021061, -33.45196719731097], [-70.66161094127078, -33.45216399752623], [-70.6616957272893, -33.45218121390117], [-70.66170704743729, -33.452114832553455], [-70.66187113747961, -33.45102389875593], [-70.66188080382163, -33.45095951727031], [-70.66177414217192, -33.45093587772029], [-70.6608830456917, -33.450738378500404], [-70.66083134059082, -33.450726977375645], [-70.66078481180692, -33.450716589148094]]], [[[-70.66309198162243, -33.45246699054973], [-70.66310061980923, -33.45240112437542], [-70.66320131977197, -33.45163262465978], [-70.66323822001512, -33.45135162280626], [-70.663242819789, -33.451316624526434], [-70.6632489264965, -33.451269894938534], [-70.66266290715743, -33.451135169884395], [-70.66193882385988, -33.45097257363501], [-70.66189398681261, -33.45096246586377], [-70.66188446265582, -33.451025900342096], [-70.66172035256272, -33.45211696744655], [-70.6617089388797, -33.45218389728378], [-70.66178474121722, -33.45219929751537], [-70.66300191755582, -33.45244651302018], [-70.66309198162243, -33.45246699054973]]], [[[-70.66326215359152, -33.45127266612704], [-70.66325618053114, -33.45131837302395], [-70.66325157992553, -33.4513533776457], [-70.66321468011164, -33.45163437622842], [-70.66311398022802, -33.45240287534022], [-70.66310519848675, -33.45246983611773], [-70.66428563637696, -33.45270729652931], [-70.66439714293878, -33.45272999786522], [-70.66446414834114, -33.45274361538306], [-70.66457529707809, -33.451648119922964], [-70.66458359249545, -33.45156656385131], [-70.66335182576663, -33.451289896524315], [-70.66326215359152, -33.45127266612704]]]]}}, {"type": "Feature", "properties": {"n": 15, "nmanzanas": 5, "centro": [-70.67552, -33.455599], "color": "#feebbe", "letras": "ABCDE"}, "geometry": {"type": "MultiPolygon", "coordinates": [[[[-70.67287355167005, -33.45565515428817], [-70.672918412525, -33.45566409175057], [-70.6741355421828, -33.455905097623166], [-70.67421560955785, -33.45592179765504], [-70.67422956426829, -33.45586866241141], [-70.67446467124331, -33.45488314005987], [-70.67440458870185, -33.45486928869552], [-70.67438494779643, -33.454865400394446], [-70.67312681495558, -33.454598948852514], [-70.67294424990249, -33.45535667811418], [-70.67291955452184, -33.45545915894478], [-70.67287355167005, -33.45565515428817]]], [[[-70.6775061099723, -33.456575645124104], [-70.67808970649918, -33.45669169055338], [-70.67814110446801, -33.45670179015425], [-70.67823285181886, -33.45671997513714], [-70.67814899500385, -33.45554420184395], [-70.67804628330538, -33.45553682476063], [-70.67801557199739, -33.455535224171285], [-70.67754597622431, -33.45549990944868], [-70.67748310081386, -33.45549294313901], [-70.67748413578197, -33.45554115540361], [-70.67750453568136, -33.456507950613954], [-70.6775061099723, -33.456575645124104]]], [[[-70.67422882340296, -33.45592453068655], [-70.67429783208094, -33.45593869562572], [-70.67434070944753, -33.45594719114125], [-70.67543325272987, -33.456163731251245], [-70.67567963119144, -33.45513229917473], [-70.67559249093304, -33.45511438855719], [-70.6755772000441, -33.45511099058187], [-70.6745364550692, -33.454900081467606], [-70.67447779299967, -33.454886204418905], [-70.67424263573172, -33.45587193758859], [-70.67422882340296, -33.45592453068655]]], [[[-70.67544647664816, -33.45616636800578], [-70.67547951701528, -33.456172992640795], [-70.67563090954545, -33.456202991160644], [-70.67665708042696, -33.456406933304706], [-70.67690464456251, -33.455389630282006], [-70.67686221014256, -33.45538241471262], [-70.67675808106208, -33.45535948629009], [-70.67569282909255, -33.45513504484685], [-70.67544647664816, -33.45616636800578]]], [[[-70.67667031051543, -33.456409554313986], [-70.67670386128307, -33.45641618162611], [-70.67675396847058, -33.45642538294597], [-70.6774925688627, -33.45657294478115], [-70.67749106431863, -33.45650824938605], [-70.677470664191, -33.45554144333759], [-70.67746958784944, -33.45549130375983], [-70.6774027308744, -33.455482254058786], [-70.67691793796232, -33.45539199112913], [-70.67667031051543, -33.456409554313986]]]]}}, {"type": "Feature", "properties": {"n": 16, "nmanzanas": 2, "centro": [-70.671097, -33.454671], "color": "#861d3f", "letras": "AB"}, "geometry": {"type": "MultiPolygon", "coordinates": [[[[-70.66904920670166, -33.45488855568102], [-70.66917542607509, -33.45491389445749], [-70.66924902697002, -33.454928694637104], [-70.67236616044094, -33.45555429612197], [-70.67244208166372, -33.454557594369845], [-70.67244408157057, -33.45453069562254], [-70.67244934106591, -33.45446130719281], [-70.67236753724474, -33.454443076626944], [-70.67232203999771, -33.45443297723804], [-70.67180612456035, -33.454317973799604], [-70.67176765806076, -33.454309281369824], [-70.67085220528561, -33.45411499139254], [-70.66944150945726, -33.453817392272576], [-70.66930336822591, -33.4537882545993], [-70.66913616539438, -33.454507712426356], [-70.66908006829541, -33.45475339972069], [-70.66906616823985, -33.454814199964964], [-70.66904920670166, -33.45488855568102]]], [[[-70.67237948106921, -33.45555683082393], [-70.67241603199007, -33.45556331148366], [-70.67243159951019, -33.4555673289082], [-70.67286032838223, -33.455652523136166], [-70.67290644547815, -33.45545604105523], [-70.67293115015504, -33.45535352164711], [-70.67311361514642, -33.454596207687786], [-70.67301545759801, -33.45457620224459], [-70.67252246308817, -33.45447620335822], [-70.67246264158956, -33.454464114615554], [-70.67245751842941, -33.45453170437746], [-70.67245551833628, -33.454558605630154], [-70.67237948106921, -33.45555683082393]]]]}}, {"type": "Feature", "properties": {"n": 17, "nmanzanas": 5, "centro": [-70.666811, -33.453862], "color": "#83b2e1", "letras": "ABCDE"}, "geometry": {"type": "MultiPolygon", "coordinates": [[[[-70.66505883993156, -33.454082701847355], [-70.66506046425006, -33.45400825391616], [-70.66507786034616, -33.453200935088766], [-70.6650746698319, -33.453101131814364], [-70.665071286646, -33.453050384026156], [-70.66506521679513, -33.452993864758916], [-70.66505873313514, -33.452951072603035], [-70.66504779292522, -33.45287307645132], [-70.66492048942835, -33.45284780863602], [-70.66447596356623, -33.452759730122274], [-70.66434129614623, -33.45393821835942], [-70.66443343554207, -33.453956796363876], [-70.66446843398556, -33.45396389604812], [-70.6649949285367, -33.45406979495214], [-70.66505883993156, -33.454082701847355]]], [[[-70.66623530256042, -33.45431884431546], [-70.66628502914978, -33.45314656221495], [-70.66618214939417, -33.453123879316806], [-70.66601084481361, -33.45308597830521], [-70.66506181995649, -33.452876074007136], [-70.66507206686487, -33.45294912739697], [-70.66507858320487, -33.45299213524108], [-70.66508471335399, -33.45304921597385], [-70.66508813016812, -33.45310046818564], [-70.66509133965384, -33.45320086491123], [-70.66507393577022, -33.454008545142294], [-70.66507225887507, -33.45408540284898], [-70.66512712754238, -33.454096394750884], [-70.66516382872211, -33.454103794988754], [-70.66623530256042, -33.45431884431546]]], [[[-70.66629839071425, -33.45314951423132], [-70.6662486758469, -33.45432151999051], [-70.66629422111751, -33.45433059346239], [-70.66695741267938, -33.454463711841036], [-70.6670570110645, -33.45448644095341], [-70.66716206928139, -33.454425411680134], [-70.66733248610004, -33.45354741625778], [-70.66736403271477, -33.45338525896047], [-70.66729364547282, -33.45336967845119], [-70.6671958470153, -33.45334807879186], [-70.66629839071425, -33.45314951423132]]], [[[-70.6671572401086, -33.454517424262875], [-70.66718842801994, -33.45452369484823], [-70.66726242943002, -33.45453859513188], [-70.66792242070186, -33.45467139337567], [-70.66838729177245, -33.454763716592744], [-70.6686417003687, -33.45365139555846], [-70.6674610268238, -33.45340559591192], [-70.66737720896862, -33.45338809141091], [-70.66734571362598, -33.45354998515385], [-70.66717470892637, -33.45443100936644], [-70.6671572401086, -33.454517424262875]]], [[[-70.66840052917156, -33.4547662752861], [-70.66890494700765, -33.454861279075686], [-70.66903597395809, -33.454885977751125], [-70.66905303139995, -33.45481120161405], [-70.66906693192023, -33.454750399334806], [-70.66912303460563, -33.45450468757364], [-70.6692901746532, -33.453785499900036], [-70.66922583764456, -33.45377219815563], [-70.66914193939984, -33.453754898517566], [-70.66865489655602, -33.453654134437315], [-70.66840052917156, -33.4547662752861]]]]}}, {"type": "Feature", "properties": {"n": 18, "nmanzanas": 5, "centro": [-70.661938, -33.452764], "color": "#e7e5af", "letras": "ABCDE"}, "geometry": {"type": "MultiPolygon", "coordinates": [[[[-70.65993891898371, -33.451837853734034], [-70.65948432949607, -33.45174073248315], [-70.65944604116984, -33.45172929703639], [-70.6594106150957, -33.451711995930395], [-70.65937944102939, -33.45168934277556], [-70.6593584683069, -33.451663801737276], [-70.6593416928747, -33.45163833172133], [-70.65932291322277, -33.451602700366514], [-70.65918525199433, -33.452060539957756], [-70.65917425127228, -33.45209704235844], [-70.659083348535, -33.452399251458566], [-70.65905735303774, -33.45248463666877], [-70.65903971873686, -33.452544253137766], [-70.65915378740657, -33.45256898525659], [-70.65925420058521, -33.45258631848385], [-70.65931734909422, -33.45259246480656], [-70.65939277730351, -33.452592958446665], [-70.65946415708464, -33.45257917476479], [-70.65952912894612, -33.45255682838213], [-70.65958929833383, -33.45252295232751], [-70.65964316782056, -33.45248220489524], [-70.65968671072588, -33.45243876050328], [-70.65972293556437, -33.45239092009156], [-70.65975125639241, -33.45233958859075], [-70.65977119947765, -33.45228565384302], [-70.65980860037224, -33.45210044461295], [-70.65983041392366, -33.45199597971536], [-70.65983927467497, -33.45195615725838], [-70.65985703638187, -33.45191689453784], [-70.65988388574637, -33.45188457203364], [-70.65991488622608, -33.45185550908392], [-70.65993891898371, -33.451837853734034]]], [[[-70.65969688927413, -33.45244763949672], [-70.65965203217944, -33.45249239510476], [-70.65959670166617, -33.45253424767249], [-70.65953467105389, -33.45256917161787], [-70.65946764291536, -33.45259222523521], [-70.65939402269649, -33.452606441553336], [-70.65931665090578, -33.452605935193446], [-70.6592523994148, -33.45259968151615], [-70.65915121259344, -33.452582214743416], [-70.65903595659168, -33.45255722518986], [-70.65900987516815, -33.45264925161734], [-70.6591266778803, -33.45266643400988], [-70.65917267097676, -33.45267316225762], [-70.65924619556158, -33.452688370767625], [-70.6593172393046, -33.45271067285173], [-70.65937897379612, -33.452737072469816], [-70.65942916476594, -33.45277178873899], [-70.65946119219555, -33.452800155890934], [-70.65956132292558, -33.45290620024767], [-70.65960388259263, -33.45295223214863], [-70.65963773252551, -33.45297880774063], [-70.65969288223994, -33.45300408061154], [-70.65974996376248, -33.45302119517549], [-70.6598233443272, -33.45303901759216], [-70.65992304908244, -33.45305857928587], [-70.66029736125404, -33.45312638590137], [-70.66031918754969, -33.45301460881147], [-70.66051488796782, -33.45201410667197], [-70.66052600375072, -33.4519572727498], [-70.66039256056543, -33.451930202846505], [-70.65995658327112, -33.45184159684411], [-70.65992351377393, -33.451865890916075], [-70.65989371425364, -33.45189382796635], [-70.65986856361813, -33.45192410546216], [-70.65985212532505, -33.45196044274162], [-70.65984358607633, -33.45199882028464], [-70.65982179962775, -33.45210315538705], [-70.65978420052237, -33.452289346156974], [-70.6597635436076, -33.452345211409245], [-70.65973426443561, -33.45239827990844], [-70.65969688927413, -33.45244763949672]]], [[[-70.6605392096138, -33.45195995246716], [-70.66052811205535, -33.452016693209565], [-70.66033241223725, -33.45301719227958], [-70.66031059708156, -33.4531289123194], [-70.66041172483824, -33.45314919420932], [-70.66046632823792, -33.45316019489161], [-70.6609939258742, -33.45326609441717], [-70.661208624709, -33.45330919418326], [-70.66126952338584, -33.453321393918195], [-70.66151749667254, -33.453371202596294], [-70.66161343803215, -33.452737495079866], [-70.6616879241442, -33.45224188748599], [-70.66169375149205, -33.45219456235793], [-70.6616082592995, -33.452177202589574], [-70.66063995896063, -33.4519804025208], [-70.6605392096138, -33.45195995246716]]], [[[-70.66293575936201, -33.45365796545536], [-70.66299841985288, -33.453180524042324], [-70.6630785197516, -33.45256912481535], [-70.66308562056783, -33.45251501859459], [-70.6630902127772, -33.45248040694238], [-70.66299908244417, -33.45245968697982], [-70.66178205898895, -33.45221250252651], [-70.66170699666148, -33.4521972526376], [-70.6617012758558, -33.45224371251401], [-70.66162676196784, -33.45273950492014], [-70.66153072159648, -33.45337386642468], [-70.66165163427667, -33.45339829610928], [-70.66293575936201, -33.45365796545536]]], [[[-70.66310343159554, -33.45248322528515], [-70.66309897943218, -33.452516781405414], [-70.66309188015128, -33.45257087592595], [-70.66301178024841, -33.45318227518465], [-70.66294901818998, -33.45366049049287], [-70.66302905175554, -33.45367467952594], [-70.66371102651537, -33.45381169454588], [-70.6643280385168, -33.45393555164902], [-70.66446270493705, -33.45275707216069], [-70.66439445820012, -33.45274320236624], [-70.66428296362305, -33.45272050347069], [-70.66310343159554, -33.45248322528515]]]]}}, {"type": "Feature", "properties": {"n": 19, "nmanzanas": 3, "centro": [-70.674644, -33.456544], "color": "#646567", "letras": "ABC"}, "geometry": {"type": "MultiPolygon", "coordinates": [[[[-70.67421235346504, -33.45593488316086], [-70.6741328578172, -33.45591830237684], [-70.67291578747502, -33.45567730824943], [-70.67287045022293, -33.45566827587619], [-70.67263064933518, -33.456675280598745], [-70.67261101706492, -33.45675556091521], [-70.67353301048954, -33.456938391347784], [-70.6738117112664, -33.456993691501886], [-70.67390421135944, -33.4570120915196], [-70.67395642868927, -33.457022428055886], [-70.67398264125325, -33.45691085905611], [-70.67404414189554, -33.45664965632482], [-70.67419124100866, -33.45602456009363], [-70.67419904159806, -33.4559912575773], [-70.67421235346504, -33.45593488316086]]], [[[-70.67543014232601, -33.45617685155262], [-70.67433809034821, -33.45596040881829], [-70.67429516791906, -33.45595190437429], [-70.67422555359731, -33.45593761511876], [-70.67421215840193, -33.45599434242269], [-70.67420435899135, -33.456027639906374], [-70.67405725819512, -33.45665274328988], [-70.67399575837902, -33.456913942509026], [-70.67396965144285, -33.457025061923304], [-70.67510403993562, -33.45725233730407], [-70.67513485042512, -33.457260640130784], [-70.67517160648917, -33.457268127477164], [-70.67518716226245, -33.45720906980301], [-70.67543014232601, -33.45617685155262]]], [[[-70.6766540118687, -33.45642006165807], [-70.67562828858033, -33.45621620846798], [-70.67547688298473, -33.4561862073592], [-70.67544336492375, -33.45617948694598], [-70.67520023773754, -33.45721233019699], [-70.67518483388388, -33.457270811106575], [-70.6763571393719, -33.457507797139264], [-70.67640717521836, -33.4575179814266], [-70.67650492674485, -33.45708332216919], [-70.6766540118687, -33.45642006165807]]]]}}, {"type": "Feature", "properties": {"n": 20, "nmanzanas": 2, "centro": [-70.670833, -33.455791], "color": "#c3c312", "letras": "AB"}, "geometry": {"type": "MultiPolygon", "coordinates": [[[[-70.67285722534878, -33.45566564465095], [-70.67242860048981, -33.45558047109179], [-70.67241316800992, -33.45557648851634], [-70.67237826148147, -33.45557029941555], [-70.67237331173364, -33.45561849432866], [-70.67236641844904, -33.455711104108616], [-70.67236191968158, -33.455770587811614], [-70.6722977329389, -33.45669334675775], [-70.67254841138914, -33.45674309152624], [-70.67259778835914, -33.456752931458766], [-70.67261755066481, -33.45667211940126], [-70.67285722534878, -33.45566564465095]]], [[[-70.67236497252223, -33.45556780107486], [-70.66924637426902, -33.45494190561158], [-70.66917277287226, -33.45492710533119], [-70.66904617985303, -33.45490169154462], [-70.66903066175573, -33.4549683280801], [-70.66880776666214, -33.45592280707545], [-70.66879088127517, -33.45599769009592], [-70.66890803368445, -33.45602189592059], [-70.67218159297855, -33.45666772734729], [-70.67222549584085, -33.456679028084054], [-70.67228440949475, -33.456690704664105], [-70.67234848031842, -33.45576961218839], [-70.67235298155096, -33.45571009589139], [-70.67235988826637, -33.45561730567134], [-70.67236497252223, -33.45556780107486]]]]}}, {"type": "Feature", "properties": {"n": 21, "nmanzanas": 6, "centro": [-70.666621, -33.455031], "color": "#656668", "letras": "ABCDEG"}, "geometry": {"type": "MultiPolygon", "coordinates": [[[[-70.6662346226802, -33.454332451243395], [-70.6651611742275, -33.454117005603244], [-70.66512447245762, -33.45410960524912], [-70.6650720158601, -33.45409909655988], [-70.66507053584911, -33.45419834979638], [-70.6650655360282, -33.45436744373983], [-70.66505603710544, -33.45509186158641], [-70.66505553713837, -33.45518855521419], [-70.66505479954856, -33.45525429290757], [-70.66516592408489, -33.45527659405808], [-70.66589072252681, -33.45542169374617], [-70.66607842333028, -33.45545929390707], [-70.66616553647022, -33.45547677172786], [-70.66617027466849, -33.455397498026166], [-70.66619977494825, -33.45491049337178], [-70.66621437488747, -33.45466859437881], [-70.66622877484362, -33.454429695106356], [-70.6662346226802, -33.454332451243395]]], [[[-70.66682938649987, -33.45560957776792], [-70.66684249210024, -33.455543685721594], [-70.6670415910152, -33.4545424911778], [-70.66705022450218, -33.45449871329442], [-70.66695458732062, -33.45447688815896], [-70.6662915788825, -33.45434380653761], [-70.666247961376, -33.45433511711249], [-70.6662422251846, -33.454430504424295], [-70.66622782512793, -33.45466940536561], [-70.6662132250959, -33.45491130589665], [-70.66618372517046, -33.45539830466858], [-70.66617887369989, -33.45547947350302], [-70.66672483511029, -33.4555914757351], [-70.6667932645123, -33.455602963882875], [-70.66682938649987, -33.45560957776792]]], [[[-70.66505197598573, -33.45437386635557], [-70.66499162910772, -33.45437233516613], [-70.66437345356924, -33.45435603317744], [-70.66430079105025, -33.45435262999617], [-70.6642836093693, -33.45453091406761], [-70.66423513261012, -33.455090177577084], [-70.66435952271897, -33.45511509378461], [-70.66491812962573, -33.45522689516695], [-70.6649423291727, -33.45523179507523], [-70.6650413542467, -33.45525160009003], [-70.66504206286162, -33.455188444785804], [-70.66504256289457, -33.455091738413586], [-70.66505197598573, -33.45437386635557]]], [[[-70.6670632484525, -33.45450231475367], [-70.66705480898479, -33.45454510882221], [-70.6668557079423, -33.455546314064435], [-70.6668426207822, -33.45561211339713], [-70.66692141135157, -33.455627871511], [-70.66693479281194, -33.45556078214838], [-70.66713479350067, -33.45456077870013], [-70.66714150902995, -33.45452728605635], [-70.6670632484525, -33.45450231475367]]], [[[-70.66430209246278, -33.45433920151014], [-70.66437394643076, -33.454342566822554], [-70.6649919742528, -33.45435886491914], [-70.66505226390095, -33.45436039465648], [-70.66505706415089, -33.45419805020362], [-70.66505857996317, -33.454096396042246], [-70.66499226890097, -33.45408300453247], [-70.66446576601443, -33.45397710395187], [-70.66443076445793, -33.45397000363612], [-70.66433987806663, -33.45395167827414], [-70.6643338053834, -33.45401365536477], [-70.66433030557292, -33.45404955342091], [-70.66430209246278, -33.45433920151014]]], [[[-70.66903294382557, -33.45489911854143], [-70.66890245249472, -33.45487452083059], [-70.66839112026489, -33.45477821476032], [-70.66791977929815, -33.45468460662433], [-70.66725977100295, -33.45455180495524], [-70.66718577106099, -33.454536904966986], [-70.66715458062855, -33.45453063387475], [-70.6671480061787, -33.45456342290303], [-70.66694800684442, -33.455563419574496], [-70.66693464563077, -33.45563040742792], [-70.66699176270033, -33.45564088187484], [-70.6682525100072, -33.45589079125216], [-70.66857260995461, -33.45595429124165], [-70.66863420891812, -33.45596649103637], [-70.66877767230005, -33.45599501144007], [-70.66879463333787, -33.45591979292455], [-70.66901753870968, -33.45496526992141], [-70.66903294382557, -33.45489911854143]]]]}}, {"type": "Feature", "properties": {"n": 22, "nmanzanas": 6, "centro": [-70.661347, -33.453881], "color": "#fb9e30", "letras": "ABCDEF"}, "geometry": {"type": "MultiPolygon", "coordinates": [[[[-70.65969353992078, -33.45301834509696], [-70.6596681613403, -33.453059865530754], [-70.65961154091089, -33.45318409095261], [-70.65956038509265, -33.45327958181334], [-70.65954291156375, -33.453309708587305], [-70.65952901503795, -33.45333313995561], [-70.65951544338843, -33.453351373622134], [-70.6594995545364, -33.453367775017796], [-70.65948164928786, -33.453384972149166], [-70.65945523588667, -33.45340798954162], [-70.65932280302718, -33.45404603890153], [-70.65931032346155, -33.45410906975109], [-70.65998127884471, -33.45423878515131], [-70.66002453413746, -33.4542471764769], [-70.66008452462509, -33.45425789549797], [-70.66010028080781, -33.454174943830125], [-70.66028536417522, -33.453198831548804], [-70.66029498793151, -33.45313964994479], [-70.65992055091758, -33.45307182071412], [-70.6598204556728, -33.453052182407845], [-70.65974643623751, -33.45303420482451], [-70.65969353992078, -33.45301834509696]]], [[[-70.66133371587264, -33.45450903470818], [-70.66134295280922, -33.454454501255675], [-70.66149764840702, -33.45349492856245], [-70.66151541821333, -33.45338452891472], [-70.66126687491283, -33.45333460574098], [-70.66120597661416, -33.4533224060818], [-70.66099127396717, -33.453279305550986], [-70.66046367412581, -33.45317340558283], [-70.66040907227418, -33.45316240521155], [-70.66030822813856, -33.453142180203855], [-70.66029863582477, -33.4532011684512], [-70.66011351939105, -33.45417745512116], [-70.6600977528842, -33.45426046114432], [-70.66021635214427, -33.45428529967841], [-70.66109302026535, -33.45446089329317], [-70.66118932909023, -33.454480095052645], [-70.66122182999942, -33.454486695237286], [-70.66133371587264, -33.45450903470818]]], [[[-70.65944296411334, -33.453400810458376], [-70.65947255071215, -33.45337502785084], [-70.65949004546361, -33.45335822498221], [-70.65950515661156, -33.45334262637787], [-70.65951778496205, -33.45332566004439], [-70.65953128843624, -33.4533028914127], [-70.65954861490735, -33.45327301818666], [-70.65959945908911, -33.45317810904739], [-70.6596562386597, -33.45305353446924], [-70.65968079289422, -33.45301336270038], [-70.65963066747449, -33.45299039225937], [-70.65959471740736, -33.45296216785137], [-70.65955147707442, -33.45291539975233], [-70.65945180780446, -33.45280984410906], [-70.65942083523406, -33.452782411261005], [-70.65937242620387, -33.45274892753018], [-70.6593125606954, -33.45272332714827], [-70.65924280443842, -33.45270142923237], [-70.65917032902324, -33.45268643774238], [-70.65912472478716, -33.452679766380335], [-70.65900632170933, -33.452662348566406], [-70.65899200887247, -33.45271824110022], [-70.65886830728844, -33.453161646778135], [-70.65875871596896, -33.45358651312525], [-70.65865277998462, -33.45398195505571], [-70.658747283233, -33.45400018599732], [-70.65878828429832, -33.45400818620519], [-70.65929709352858, -33.454106512552364], [-70.65930959697283, -33.45404336109846], [-70.65944296411334, -33.453400810458376]]], [[[-70.66278587450776, -33.45480143693072], [-70.66285771974742, -33.45425302484724], [-70.66292051984736, -33.453774224084704], [-70.66293400279828, -33.45367135765496], [-70.66164896520196, -33.45341150378538], [-70.66152863761603, -33.45338719231559], [-70.6615109517192, -33.453497070653434], [-70.66135624719077, -33.45445669874433], [-70.66134693429177, -33.45451168066725], [-70.66142472436252, -33.45452729411375], [-70.66262072289317, -33.454766793819516], [-70.66271279021237, -33.45478530735431], [-70.66278587450776, -33.45480143693072]]], [[[-70.66294726416605, -33.45367386431648], [-70.66293388019537, -33.453775975589316], [-70.66287190290718, -33.45424850306704], [-70.6642709060944, -33.45452226199161], [-70.66428799406738, -33.45434495027202], [-70.66431689440142, -33.4540482468426], [-70.66432039445854, -33.454012346256405], [-70.66432660065989, -33.45394900648755], [-70.66370837401976, -33.45382490556155], [-70.66302654824445, -33.45368792047406], [-70.66294726416605, -33.45367386431648]]], [[[-70.66287014817536, -33.45426188992355], [-70.66279909932487, -33.45480422297602], [-70.66412402003981, -33.45506789324678], [-70.66419132492909, -33.455081394227534], [-70.66422183838007, -33.45508751301982], [-70.66426966505429, -33.454535749368034], [-70.66287014817536, -33.45426188992355]]]]}}, {"type": "Feature", "properties": {"n": 23, "nmanzanas": 4, "centro": [-70.674108, -33.457395], "color": "#7c093c", "letras": "ABCD"}, "geometry": {"type": "MultiPolygon", "coordinates": [[[[-70.67823383408457, -33.45673390663057], [-70.67813849553198, -33.456715009845745], [-70.6780870935008, -33.45670490944662], [-70.67749818603765, -33.45658780796261], [-70.67675143152941, -33.456438617054026], [-70.67670133871692, -33.45642941837389], [-70.67666723383898, -33.45642268160787], [-70.67651807332362, -33.45708627752617], [-70.67641886292176, -33.45752742377889], [-70.6761912526342, -33.45847781568957], [-70.67638302618279, -33.45847676461382], [-70.67648089566028, -33.45846641016249], [-70.67672628364372, -33.458433352196465], [-70.67812206914839, -33.45815209541819], [-70.67817698863955, -33.45814103105183], [-70.67824022781261, -33.458134544982805], [-70.67827653897085, -33.458136407093484], [-70.67831368282003, -33.45814615994773], [-70.67833218758466, -33.45815537963611], [-70.67832577721539, -33.45804694508002], [-70.67832298069229, -33.458008792514704], [-70.6783046796576, -33.4577589783911], [-70.67823383408457, -33.45673390663057]]], [[[-70.67260782896142, -33.4567686657594], [-70.67241164182883, -33.45757971150274], [-70.67236413495428, -33.457769138914095], [-70.6723370398388, -33.45787701946782], [-70.67226244515966, -33.45818259767077], [-70.6722552957629, -33.45821189033811], [-70.67223695645843, -33.45831494419614], [-70.67230181776422, -33.45831897563089], [-70.67349351599022, -33.45839297552073], [-70.67354381443702, -33.45839607542501], [-70.67363262854444, -33.45840160872058], [-70.6736483144875, -33.458321871843374], [-70.67378334444713, -33.45775254552469], [-70.67395333099246, -33.457035550993744], [-70.67390159171613, -33.45702530908921], [-70.67380908714279, -33.45700690818246], [-70.67353038915059, -33.45695160858085], [-70.67260782896142, -33.4567686657594]]], [[[-70.67364619977904, -33.45840243063508], [-70.67372460777578, -33.458407075011195], [-70.67471271717041, -33.45846837559402], [-70.67479951699323, -33.4584737755829], [-70.67488411727408, -33.45847900473933], [-70.6748934151224, -33.458426647923545], [-70.6749166649865, -33.45833865921371], [-70.67516833398595, -33.45728121224925], [-70.67513174957487, -33.45727375986921], [-70.67510096006437, -33.45726546269593], [-70.67396655494011, -33.45703818398304], [-70.67379645561377, -33.45775565421847], [-70.67366148551251, -33.45832472815663], [-70.67364619977904, -33.45840243063508]]], [[[-70.6761741473658, -33.45849138431043], [-70.6764041240756, -33.45753111135006], [-70.67635446062809, -33.45752100286074], [-70.67518154680417, -33.45728389385062], [-70.67492973501349, -33.4583419407863], [-70.67490658487759, -33.45842955207645], [-70.67489765475776, -33.458479838188154], [-70.67497321270609, -33.45848447531855], [-70.67520813859034, -33.45849907692531], [-70.67594583633863, -33.45854947677147], [-70.67624369253437, -33.45856778944494], [-70.67626061934124, -33.45849711117953], [-70.6762621063302, -33.45849090222343], [-70.6761741473658, -33.45849138431043]]]]}}, {"type": "Feature", "properties": {"n": 24, "nmanzanas": 2, "centro": [-70.670471, -33.457296], "color": "#1f9d4c", "letras": "AB"}, "geometry": {"type": "MultiPolygon", "coordinates": [[[[-70.67229667271016, -33.45670687377846], [-70.67222510754361, -33.45754533602774], [-70.67220380155993, -33.45774959339231], [-70.67215730383424, -33.45820267123112], [-70.67214725357167, -33.45830561597689], [-70.67222346877492, -33.45831382771596], [-70.6722421042371, -33.45820910966189], [-70.6722493547924, -33.45817940252561], [-70.67232396016121, -33.457873780532175], [-70.6723510653294, -33.45776585995478], [-70.67239855817118, -33.45757648849726], [-70.6725946017873, -33.45676603605694], [-70.67254578594294, -33.45675630794434], [-70.67229667271016, -33.45670687377846]]], [[[-70.67214389616575, -33.45820132876888], [-70.67219039844008, -33.45774820660769], [-70.6722116924564, -33.45754406397226], [-70.67228337417065, -33.45670423624255], [-70.67222250415915, -33.45669217191595], [-70.67217860702146, -33.45668087265272], [-70.66890536631554, -33.45603510407941], [-70.66878763764898, -33.45601077918946], [-70.66876022809053, -33.456111469285595], [-70.66853484734287, -33.45705318884263], [-70.6684144339075, -33.457542643454495], [-70.66839163695471, -33.45763132916106], [-70.66851829430395, -33.45765366932131], [-70.67028759882896, -33.45797897015327], [-70.67061267373298, -33.45803676569142], [-70.67203779898507, -33.45828765253239], [-70.67205718152766, -33.45829064983279], [-70.67213389788657, -33.458303741049164], [-70.67214389616575, -33.45820132876888]]]]}}, {"type": "Feature", "properties": {"n": 25, "nmanzanas": 10, "centro": [-70.666358, -33.456593], "color": "#feebbc", "letras": "ABCDEFGHIJ"}, "geometry": {"type": "MultiPolygon", "coordinates": [[[[-70.66417610613902, -33.455645447586456], [-70.66412411234312, -33.45618498320687], [-70.66411978023538, -33.45624093959854], [-70.6641962016641, -33.45625588959857], [-70.66424060418396, -33.456264690097996], [-70.6645643978127, -33.45632828884658], [-70.66487939707378, -33.4563900887016], [-70.66501872252816, -33.456417461275336], [-70.66502146454178, -33.45633273305443], [-70.66503896502918, -33.45531600473715], [-70.6650410336932, -33.45526527749795], [-70.6649396708273, -33.45524500492477], [-70.66491547037427, -33.455240104833045], [-70.66435687779041, -33.455128306317334], [-70.6642335733873, -33.455103607584334], [-70.66421739192678, -33.455218194903516], [-70.66419880619864, -33.4554108469673], [-70.66417610613902, -33.455645447586456]]], [[[-70.66649256823212, -33.45730366454976], [-70.666510191902, -33.4572149867187], [-70.66658389190906, -33.45684428668311], [-70.66661069181043, -33.45670938717954], [-70.666654592184, -33.456488885300246], [-70.66672929196277, -33.456113186412985], [-70.66682675855867, -33.45562279527097], [-70.6667909354877, -33.45561623611713], [-70.66672236488971, -33.45560472426491], [-70.66617046035924, -33.45549150282082], [-70.66607577566099, -33.45547250589086], [-70.66588807709425, -33.45543490617798], [-70.66516327747318, -33.45528980625383], [-70.6650544102446, -33.45526795811438], [-70.6650524349708, -33.45531639526285], [-70.66503493545821, -33.45633306694557], [-70.66503212083353, -33.456420038848606], [-70.66513993473596, -33.45644017677576], [-70.66544143155953, -33.45649627618471], [-70.66562007153344, -33.456529465032695], [-70.66564327440413, -33.456533348775], [-70.66576793721013, -33.456552758553784], [-70.6660052340755, -33.456597095336306], [-70.66603339628128, -33.45660321296902], [-70.6660720571231, -33.45663099384716], [-70.66608660807213, -33.45665170096695], [-70.66609135037393, -33.45668144813268], [-70.66608893489594, -33.456780382085256], [-70.66608113089607, -33.45704351695247], [-70.6660748259306, -33.45714119387813], [-70.66607004323748, -33.45723215882522], [-70.66649256823212, -33.45730366454976]]], [[[-70.6667160968604, -33.45672296690313], [-70.66673904547737, -33.45672634395713], [-70.66769118511718, -33.45688536727933], [-70.66852324417012, -33.457043779094725], [-70.66874717190946, -33.456108130714405], [-70.66877440206176, -33.45600809967388], [-70.66863158870596, -33.455979708493075], [-70.66856999108188, -33.45596750896363], [-70.66824988947984, -33.45590400864616], [-70.66698923729966, -33.45565411812515], [-70.66693200530365, -33.45564362260238], [-70.66682200644905, -33.456193221551544], [-70.6667160968604, -33.45672296690313]]], [[[-70.66662259729948, -33.45671861129333], [-70.66659710818956, -33.45684691282047], [-70.66652340802486, -33.45721761364929], [-70.6665058358628, -33.45730603230599], [-70.66658280406368, -33.45732045317734], [-70.66660069189592, -33.45723138667927], [-70.66660539145096, -33.45720748894203], [-70.66670016775946, -33.45673390326727], [-70.66662259729948, -33.45671861129333]]], [[[-70.66683999312906, -33.45562532938513], [-70.66674250807957, -33.45611581337409], [-70.6666678079834, -33.456491513857756], [-70.6666252256648, -33.45670539543641], [-70.66670281069317, -33.45672069028231], [-70.66680879340599, -33.45619057917359], [-70.6669187712869, -33.455641085016694], [-70.66683999312906, -33.45562532938513]]], [[[-70.66411848995612, -33.456254417267594], [-70.66411020159494, -33.45632919468004], [-70.66405910582252, -33.4568587508654], [-70.66405580588223, -33.456892550253926], [-70.66404787134059, -33.45697494032003], [-70.66411878426514, -33.45697968000136], [-70.66455613220396, -33.457013483706675], [-70.66485544898566, -33.45703778506917], [-70.6648968283719, -33.457041191604596], [-70.66500658296725, -33.45705272005483], [-70.66500686283673, -33.45694972808253], [-70.66500746391905, -33.456917469998835], [-70.66501536483007, -33.45652172436722], [-70.6650182819012, -33.45643110696402], [-70.66487680204082, -33.45640331112469], [-70.66456180292622, -33.4563415112984], [-70.66423799581605, -33.456277909902], [-70.6641935983359, -33.45626911040143], [-70.66411848995612, -33.456254417267594]]], [[[-70.66575876361941, -33.45656496725756], [-70.66564112559585, -33.456546651225], [-70.66561772846656, -33.45654273496731], [-70.66544517570468, -33.45651067703952], [-70.66544042582225, -33.45652937498937], [-70.66531583871406, -33.45700982527419], [-70.66531093086041, -33.457030458291534], [-70.66529233931304, -33.457099292362074], [-70.66562038789455, -33.45715468716205], [-70.66563524464152, -33.45708663959261], [-70.66564095956622, -33.457064481726725], [-70.66575472245196, -33.45658443833709], [-70.66575876361941, -33.45656496725756]]], [[[-70.66543190011701, -33.45650820861479], [-70.66513746754016, -33.456453423647766], [-70.66503168122071, -33.456433664442585], [-70.66502883516993, -33.456522075632776], [-70.66502093608095, -33.45691773000116], [-70.66502033716326, -33.456949871917466], [-70.6650200527351, -33.45705454147587], [-70.66506701889364, -33.45706275608915], [-70.66527897983552, -33.457097078204974], [-70.66529786913958, -33.45702714170847], [-70.66530276128594, -33.4570065747258], [-70.66542737417774, -33.45652602501063], [-70.66543190011701, -33.45650820861479]]], [[[-70.6660566701855, -33.45722987214917], [-70.66606137406941, -33.457140406121866], [-70.66606766910392, -33.457042883047535], [-70.66607546510407, -33.45678001791474], [-70.66607784962608, -33.45668235186732], [-70.66607379192786, -33.45665689903304], [-70.6660623428769, -33.45664060615284], [-70.66602780371872, -33.45661578703098], [-70.66600256592452, -33.4566103046637], [-70.6657720546337, -33.45656723570468], [-70.66576787754803, -33.45658736166291], [-70.6656540404338, -33.45706771827327], [-70.66564835535848, -33.45708976040739], [-70.66563368442434, -33.457156956908214], [-70.6660566701855, -33.45722987214917]]], [[[-70.6685200604391, -33.45705688965827], [-70.66768881488281, -33.45689863272068], [-70.66673695452262, -33.45673965604287], [-70.66671345052312, -33.456736197260334], [-70.66661860854904, -33.45721011105796], [-70.66661390810407, -33.45723401332073], [-70.66659606985053, -33.45732283295817], [-70.66822634054957, -33.45760285990861], [-70.66837832112148, -33.45762900710354], [-70.66840136609251, -33.4575393565455], [-70.6685200604391, -33.45705688965827]]]]}}, {"type": "Feature", "properties": {"n": 26, "nmanzanas": 5, "centro": [-70.661283, -33.455118], "color": "#1d9b4c", "letras": "ABCFG"}, "geometry": {"type": "MultiPolygon", "coordinates": [[[[-70.65821416153605, -33.45494047634436], [-70.65821714160312, -33.454973443336335], [-70.65821663124616, -33.45500978075084], [-70.65821123061579, -33.455051559212265], [-70.65820307251212, -33.45508394188908], [-70.65832598736232, -33.45510778680228], [-70.6583602883246, -33.45511448699025], [-70.65975968458677, -33.455386386263996], [-70.6598663686112, -33.45540710160855], [-70.65988158317313, -33.45532863135281], [-70.66007647982826, -33.45430054899701], [-70.66008202021025, -33.454271136086724], [-70.66002206586255, -33.454260423523095], [-70.65997871903932, -33.454252014439604], [-70.65930112142162, -33.454121014900174], [-70.65878571570168, -33.45402141379481], [-70.65874471676699, -33.45401341400268], [-70.65864914407396, -33.45399497675087], [-70.65853621510182, -33.45438086667658], [-70.65850307790878, -33.45447495622169], [-70.65846329683063, -33.454567175993745], [-70.65841698227466, -33.454657393935754], [-70.65835672270732, -33.45475642049141], [-70.65828832898028, -33.45485172981148], [-70.65821416153605, -33.45494047634436]]], [[[-70.65987959663657, -33.45540966793171], [-70.65995089050745, -33.455423487411174], [-70.65998499208389, -33.45543018772092], [-70.66053558495479, -33.45553718633549], [-70.66114865814757, -33.455656260399714], [-70.66116024892764, -33.45558452533564], [-70.66119294899418, -33.45538222492392], [-70.66120974904952, -33.45527832458164], [-70.66130374905076, -33.45469722457395], [-70.66132084548636, -33.45459144662732], [-70.66133155414872, -33.45452234372069], [-70.66121917000058, -33.45449990476272], [-70.66118667090976, -33.45449330494735], [-70.66109038265873, -33.454474107289826], [-70.66021364785571, -33.45429850032159], [-70.66009524821547, -33.454273703594374], [-70.66008972017173, -33.454303051002995], [-70.65989481682686, -33.45533116864719], [-70.65987959663657, -33.45540966793171]]], [[[-70.66263517086207, -33.45595060063998], [-70.66264312001171, -33.455890222829176], [-70.66269851971587, -33.45546722508808], [-70.66277001986552, -33.454922423945916], [-70.66278411732253, -33.454814848049274], [-70.66271000978765, -33.454798492645686], [-70.66261807445376, -33.454780005649205], [-70.66142207710683, -33.454540506180486], [-70.66134477932688, -33.45452499154362], [-70.66133415451364, -33.454593553372675], [-70.66131705102197, -33.45469937497614], [-70.66122305093283, -33.45528047552752], [-70.66120625098145, -33.455384375226814], [-70.66117355103378, -33.45558667490302], [-70.66116184075163, -33.45565914956272], [-70.66118397025959, -33.455664623292606], [-70.66121081404884, -33.45566999205045], [-70.66123709677856, -33.4556751886358], [-70.6612812918437, -33.455683787675625], [-70.66217389693385, -33.45585888867415], [-70.66256004664702, -33.45593469843387], [-70.66263517086207, -33.45595060063998]]], [[[-70.66279734489667, -33.454817612734495], [-70.66278338021758, -33.45492417541989], [-70.66271278270088, -33.455462098876744], [-70.66277774621041, -33.455468703801806], [-70.66412575556816, -33.45563211705877], [-70.66416336770607, -33.45563718835826], [-70.66418539389355, -33.45540955207697], [-70.66420400807321, -33.45521660509649], [-70.66422033956029, -33.455100955379834], [-70.66418867534846, -33.45509460582812], [-70.66412137996018, -33.45508110675323], [-70.66279734489667, -33.454817612734495]]], [[[-70.66271103030289, -33.45547546484091], [-70.66265648028413, -33.45589197491192], [-70.66264841560269, -33.455953230256895], [-70.66274616334557, -33.45597118200583], [-70.66276790389666, -33.455975490041304], [-70.66405119759969, -33.45622748880478], [-70.66410646718941, -33.45623833116448], [-70.66411068765687, -33.45618381679313], [-70.66416207153989, -33.45565061019175], [-70.66412404443184, -33.455645482941236], [-70.6627762537896, -33.45548209619819], [-70.66271103030289, -33.45547546484091]]]]}}, {"type": "Feature", "properties": {"n": 27, "nmanzanas": 5, "centro": [-70.660643, -33.456108], "color": "#81b0e1", "letras": "ABCDE"}, "geometry": {"type": "MultiPolygon", "coordinates": [[[[-70.65819944315861, -33.45509696369139], [-70.65817293449251, -33.455182297241926], [-70.65802493495435, -33.45565949575282], [-70.6580027319757, -33.455731005347346], [-70.65796822751282, -33.455841219602696], [-70.6578220357431, -33.45630479350458], [-70.65778726071352, -33.45641912108834], [-70.65832318503118, -33.45646658810802], [-70.65859487965639, -33.4564898876471], [-70.65865920179796, -33.456495480876804], [-70.65946161979384, -33.45654557575729], [-70.6595124935161, -33.45654877410461], [-70.65964877880812, -33.45655615382858], [-70.65966598063866, -33.456465444722156], [-70.65967198107418, -33.45643394242397], [-70.6597753801796, -33.455888347144295], [-70.65986383488445, -33.455420335963424], [-70.65975711576611, -33.45539961380452], [-70.65835771498348, -33.4551277136525], [-70.65832341263767, -33.45512101319772], [-70.65819944315861, -33.45509696369139]]], [[[-70.65966226417335, -33.45655736378274], [-70.66027879696853, -33.456630809969504], [-70.66041336412418, -33.45664690604009], [-70.66043169867643, -33.4566488989262], [-70.66055287847044, -33.45666099690894], [-70.66083359220373, -33.45668979831798], [-70.66086612812238, -33.456693181257535], [-70.6608886134964, -33.45669438047748], [-70.66097890449633, -33.45670337211233], [-70.66099344349348, -33.45661725651381], [-70.66099454017835, -33.45660967941834], [-70.66102044906346, -33.45644952449531], [-70.6611364488406, -33.45573192587403], [-70.66114650924419, -33.4556695694986], [-70.66053301544669, -33.455550413742486], [-70.6599824079161, -33.45544341227908], [-70.65994830949256, -33.45543671258883], [-70.65987706306592, -33.45542290230587], [-70.65978862013087, -33.4558908512131], [-70.65968521950812, -33.45643645450355], [-70.65967921885283, -33.456467957959234], [-70.65966226417335, -33.45655736378274]]], [[[-70.66204512389952, -33.456800599199354], [-70.66205381528829, -33.45673115957752], [-70.6621535301256, -33.45594154208457], [-70.66216491304843, -33.45587085780568], [-70.66127870815632, -33.45569701232438], [-70.66123450322144, -33.4556884113642], [-70.66120818595115, -33.45568320794954], [-70.6611810297404, -33.45567777670739], [-70.66115968579489, -33.455672497286244], [-70.66114975132396, -33.45573407310604], [-70.66103375099658, -33.45645167513322], [-70.66100785982165, -33.456611720581655], [-70.66100675650651, -33.456619343486196], [-70.66099235401495, -33.45670465055164], [-70.66204512389952, -33.456800599199354]]], [[[-70.66251796053355, -33.45684459011827], [-70.66252951945347, -33.456756127094025], [-70.66262361985555, -33.456038524022304], [-70.66263340852663, -33.45596400083645], [-70.662557353353, -33.45594790156613], [-70.66217814320065, -33.45587345419615], [-70.66216686987441, -33.45594345791543], [-70.6620671847117, -33.45673284042248], [-70.66205854889238, -33.456801836073836], [-70.66251796053355, -33.45684459011827]]], [[[-70.66264665658466, -33.45596660723135], [-70.66263698004383, -33.45604027674506], [-70.66254288034614, -33.45675787443975], [-70.66253139330406, -33.456845787366476], [-70.66393479645475, -33.45696578908228], [-70.66396187238097, -33.45696828686145], [-70.66403442809266, -33.45697396672777], [-70.66404239411777, -33.45689124974608], [-70.66404569417749, -33.456857449134596], [-70.66409679840505, -33.45632780531996], [-70.66410522085467, -33.45625181816474], [-70.66404860304226, -33.456240711321165], [-70.66276529610333, -33.455988709958696], [-70.66274363665444, -33.455984417994166], [-70.66264665658466, -33.45596660723135]]]]}}, {"type": "Feature", "properties": {"n": 28, "nmanzanas": 6, "centro": [-70.677141, -33.460077], "color": "#feebbb", "letras": "ABCDEF"}, "geometry": {"type": "MultiPolygon", "coordinates": [[[[-70.67728447991695, -33.459980350391334], [-70.67733002615724, -33.45998949447399], [-70.67740162689215, -33.4600038946214], [-70.67761892539178, -33.46004749432036], [-70.67840112665854, -33.46020459457466], [-70.67847837136529, -33.460220133335106], [-70.67837066506353, -33.458874640639586], [-70.67834814820229, -33.458894694719135], [-70.67830346438139, -33.45891781059877], [-70.67826636542144, -33.458927966179985], [-70.67821967616243, -33.4589316602752], [-70.6776218239242, -33.45888011266049], [-70.67753164405376, -33.45887240979655], [-70.6775236990388, -33.458906667334176], [-70.67751820362439, -33.45893674223851], [-70.67728447991695, -33.459980350391334]]], [[[-70.67660478451829, -33.4598430876404], [-70.67663879110466, -33.459850607524366], [-70.67727126585257, -33.459977696346954], [-70.67750499637562, -33.458934057761496], [-70.6775105009612, -33.45890393266582], [-70.67751808174789, -33.458871245617914], [-70.67684096417233, -33.45881290722268], [-70.67683105765813, -33.458853146957274], [-70.67678586950355, -33.45905339446536], [-70.67660478451829, -33.4598430876404]]], [[[-70.67590184133574, -33.45970257310958], [-70.67594742700999, -33.459711794639105], [-70.67659159666283, -33.459840311732464], [-70.67677273049647, -33.45905040553464], [-70.67681794234186, -33.45885005304273], [-70.67682736884947, -33.45881176306933], [-70.6764399303042, -33.458779721490096], [-70.67612173110139, -33.458761558314364], [-70.67611617036448, -33.45878869803039], [-70.67611144737816, -33.45880748948653], [-70.6760000597887, -33.459283036502235], [-70.6759418600256, -33.45953143549121], [-70.67590184133574, -33.45970257310958]]], [[[-70.67658858611448, -33.45985345132394], [-70.67594477299002, -33.459725005360895], [-70.67589877264815, -33.45971569994823], [-70.67584936055967, -33.45992713320701], [-70.67564334598656, -33.46080864932118], [-70.67626571281596, -33.46093229180954], [-70.67633829331668, -33.460946716035615], [-70.67658858611448, -33.45985345132394]]], [[[-70.67726831458292, -33.45999084732742], [-70.67663600889534, -33.45986379247564], [-70.67660177500622, -33.45985622232817], [-70.6763515150207, -33.460949343717715], [-70.67685491332847, -33.46104939191138], [-70.67695771680899, -33.461069892604016], [-70.6770239322677, -33.46108308112259], [-70.6770351112855, -33.46102799092283], [-70.67726831458292, -33.45999084732742]]], [[[-70.67847952472286, -33.46023410994774], [-70.6783984723114, -33.46021780521847], [-70.67761627400883, -33.46006070555938], [-70.67739897460822, -33.46001710567965], [-70.67732737271554, -33.4600027052997], [-70.67728152888968, -33.45999350147233], [-70.6770482887145, -33.46103080907717], [-70.67703713570303, -33.46108577111768], [-70.67736517345169, -33.46115410414542], [-70.67764761912112, -33.46121289283697], [-70.67839186517136, -33.46135518252251], [-70.67846121647658, -33.46136849236726], [-70.67848253976466, -33.46137289717794], [-70.67858011635128, -33.461392339129404], [-70.67857378777512, -33.46131898112693], [-70.67847952472286, -33.46023410994774]]]]}}, {"type": "Feature", "properties": {"n": 29, "nmanzanas": 8, "centro": [-70.676983, -33.462144], "color": "#8b3237", "letras": "ABCDEFGH"}, "geometry": {"type": "MultiPolygon", "coordinates": [[[[-70.67633527957095, -33.4609598552851], [-70.67626308695581, -33.46094550814512], [-70.67564027268787, -33.460821776766394], [-70.67538606850823, -33.461905577718845], [-70.6754292412148, -33.46191367798715], [-70.6760877822595, -33.46203698729691], [-70.67633527957095, -33.4609598552851]]], [[[-70.67702078087574, -33.461096192786485], [-70.67695508393686, -33.46108310754453], [-70.67685228453578, -33.46106260766415], [-70.67634850158258, -33.4609624830239], [-70.67610103747288, -33.462039470538514], [-70.67678132481839, -33.462166975375474], [-70.67700295813394, -33.461160879387386], [-70.67702078087574, -33.461096192786485]]], [[[-70.6785812613167, -33.46140630679692], [-70.67847986023533, -33.46138610282206], [-70.67845858352341, -33.46138170763274], [-70.6783893324911, -33.46136841703058], [-70.6776449808789, -33.46122610716303], [-70.67736242710423, -33.46116729597029], [-70.67703401583668, -33.46109888513551], [-70.67701604186605, -33.461164120612615], [-70.67679459575169, -33.46216936680802], [-70.6768775100606, -33.46218375460801], [-70.67724116814398, -33.462242147877376], [-70.6786085692536, -33.46246194805565], [-70.67866044814565, -33.46247029341635], [-70.6785812613167, -33.46140630679692]]], [[[-70.6766471626491, -33.4624942750925], [-70.6767596723711, -33.46222222933361], [-70.67677711393507, -33.462179895440485], [-70.67609165939614, -33.46205142212725], [-70.67542676001028, -33.46192692224225], [-70.67538300350861, -33.46191871244], [-70.6753550640134, -33.462039118359826], [-70.67530764330463, -33.46224476939272], [-70.6753953359701, -33.4622611770056], [-70.67600833287031, -33.462375276428624], [-70.67637963324322, -33.46244447649794], [-70.67656833207498, -33.46247957628064], [-70.6766471626491, -33.4624942750925]]], [[[-70.67866157486995, -33.46248412255797], [-70.67860643039657, -33.46247525188812], [-70.67723903129156, -33.46225545203198], [-70.67687528993939, -33.46219704539198], [-70.67679067126534, -33.46218236184009], [-70.67677212762891, -33.46222737066639], [-70.67665752616901, -33.46250447419638], [-70.67635434321225, -33.463238006868636], [-70.67643595456843, -33.463247205054635], [-70.67733035999143, -33.4633481943756], [-70.6775767353508, -33.463368883908814], [-70.67775418893468, -33.46338227286166], [-70.677975353496, -33.46339116741473], [-70.67805503279314, -33.46339396317954], [-70.67819300921892, -33.463394562642655], [-70.67869030669002, -33.46339376296832], [-70.6787458445272, -33.46339066277008], [-70.67866157486995, -33.46248412255797]]], [[[-70.67594928923452, -33.46260988581008], [-70.67599900304248, -33.462387245932945], [-70.6753928671297, -33.46227442357137], [-70.6753046129748, -33.4622579109048], [-70.67521521833712, -33.462645577910386], [-70.67530614309788, -33.46266409789748], [-70.67543804150873, -33.46269089757459], [-70.67596790015997, -33.46279877711012], [-70.67594928923452, -33.46260988581008]]], [[[-70.6763405920225, -33.463236000968465], [-70.67664190152425, -33.46250700100633], [-70.67656586647435, -33.462492823449516], [-70.67637716792503, -33.46245772371936], [-70.6760122582861, -33.462389714705466], [-70.67596291076546, -33.46261071418992], [-70.6759823402489, -33.462807913431384], [-70.67589692424369, -33.46307822996548], [-70.67587649001506, -33.463142773325465], [-70.67628092654344, -33.46322399455154], [-70.6763405920225, -33.463236000968465]]], [[[-70.67513570697811, -33.46299405467828], [-70.67522962508417, -33.46301289425865], [-70.67535072797226, -33.463037294838045], [-70.67586320071693, -33.46314010572818], [-70.67588407631756, -33.46307416825832], [-70.67596682015883, -33.462812308337114], [-70.67543535716982, -33.462704102156906], [-70.67530345849129, -33.462677302425405], [-70.67521220474087, -33.46265871542894], [-70.67513570697811, -33.46299405467828]]]]}}, {"type": "Feature", "properties": {"n": 30, "nmanzanas": 6, "centro": [-70.675022, -33.460692], "color": "#249d51", "letras": "ABCDEF"}, "geometry": {"type": "MultiPolygon", "coordinates": [[[[-70.67559177067368, -33.45987058357676], [-70.67570746926427, -33.45989278330632], [-70.67583771239468, -33.45991776405315], [-70.67588713944033, -33.459706266792985], [-70.67592873964188, -33.45952836593087], [-70.67598694023953, -33.459279963377256], [-70.67609835262184, -33.45880431051347], [-70.67610302963553, -33.45878570196962], [-70.67611086889862, -33.45874744168563], [-70.67616485647099, -33.458750523358226], [-70.67617836106855, -33.4586846128595], [-70.67613004431854, -33.458682027939936], [-70.67573380638322, -33.458661331181766], [-70.67516259721354, -33.4586413308607], [-70.674993332705, -33.45863202731502], [-70.67494723517089, -33.45862952744874], [-70.67485983574853, -33.458624734578436], [-70.67483946504976, -33.4587093152217], [-70.67467007084562, -33.459476488972676], [-70.67462175470153, -33.459684374266004], [-70.67467116438354, -33.459693638581385], [-70.67468606765756, -33.459697968586674], [-70.67480262700091, -33.459723693403255], [-70.6752369364457, -33.45980237699742], [-70.67559177067368, -33.45987058357676]]], [[[-70.67522741509994, -33.45981434603813], [-70.67479997299908, -33.45973690659674], [-70.67468273234245, -33.45971103141333], [-70.67466803561646, -33.459706761418616], [-70.67461870125616, -33.45969751122606], [-70.67445926273656, -33.4603834238629], [-70.67441713493056, -33.46056504579996], [-70.67501859724223, -33.46068441850538], [-70.6750281410279, -33.4606428596569], [-70.67507824872652, -33.460434127586936], [-70.67521735650591, -33.45985449517194], [-70.67522741509994, -33.45981434603813]]], [[[-70.6758346434886, -33.45993089571362], [-70.67570493090606, -33.45990601672634], [-70.6755892304296, -33.459883816634935], [-70.6752406866019, -33.45981681920282], [-70.6752304434941, -33.45985770482807], [-70.6750913513081, -33.460437272268734], [-70.6750412589721, -33.4606459403431], [-70.67503181941501, -33.4606870453235], [-70.67546101309546, -33.46077239186501], [-70.67558641217782, -33.460797291682795], [-70.67563012353423, -33.460806016501024], [-70.6758346434886, -33.45993089571362]]], [[[-70.67475971387557, -33.461788192230024], [-70.67476724064636, -33.46175616163877], [-70.67496453977596, -33.46091326535727], [-70.67500745038663, -33.46072971997135], [-70.67501545597646, -33.460697532548274], [-70.67441408375734, -33.46057817772359], [-70.6741970623325, -33.4615105256023], [-70.67417066274989, -33.46162422380472], [-70.6741587517365, -33.46167539705175], [-70.67422204755354, -33.46168747915927], [-70.67425483642423, -33.46169357708949], [-70.67475971387557, -33.461788192230024]]], [[[-70.6750286874199, -33.4607001610127], [-70.67502054961338, -33.46073288002865], [-70.67497766043341, -33.4609163337471], [-70.67478036001819, -33.461759235522116], [-70.67477297172573, -33.461790676822204], [-70.67537281125337, -33.46190309170024], [-70.67562704997432, -33.46081914348072], [-70.67558378453357, -33.460810507664206], [-70.67545838782219, -33.46078560831721], [-70.6750286874199, -33.4607001610127]]], [[[-70.67415567569022, -33.46168852784167], [-70.67395225735417, -33.46255084685916], [-70.67391495772708, -33.46270884527998], [-70.67390028098453, -33.46277124394613], [-70.6739525017985, -33.46278077071625], [-70.67493339444245, -33.46295746939112], [-70.67507219427924, -33.46298246936172], [-70.67512246247294, -33.462991528294125], [-70.67520053317315, -33.46264929384102], [-70.67529293495281, -33.46224858612339], [-70.6753419359866, -33.46203608164018], [-70.67536974760677, -33.46191622680087], [-70.67476355897355, -33.46180262204804], [-70.67425236357577, -33.461706822910514], [-70.67421955244646, -33.46170072084073], [-70.67415567569022, -33.46168852784167]]]]}}, {"type": "Feature", "properties": {"n": 31, "nmanzanas": 5, "centro": [-70.673665, -33.46101], "color": "#800e3e", "letras": "ABCDE"}, "geometry": {"type": "MultiPolygon", "coordinates": [[[[-70.67465535166909, -33.459480298323705], [-70.67349343187186, -33.45925761691151], [-70.67344517260203, -33.45924833628408], [-70.67340555709858, -33.459416147942285], [-70.67331185717343, -33.45981314762507], [-70.67319056860578, -33.46032682296672], [-70.67327638423389, -33.46034348619548], [-70.67331638650155, -33.4603512866355], [-70.67426607967332, -33.4605355853104], [-70.67432208631129, -33.460546386590586], [-70.67440390799176, -33.46056243551431], [-70.67444613690806, -33.460380377669225], [-70.67460703762231, -33.45968817459322], [-70.67465535166909, -33.459480298323705]]], [[[-70.674145496269, -33.4616729078135], [-70.67415753766029, -33.4616211744287], [-70.6741839372501, -33.46150747619528], [-70.67440085624659, -33.46057556835557], [-70.67431951368872, -33.46055961340941], [-70.67426352032669, -33.460548814689595], [-70.67331381648937, -33.46036451394492], [-70.67327381313925, -33.46035671329445], [-70.67318747127919, -33.460339947884734], [-70.67292687738912, -33.461444877837245], [-70.6729834392692, -33.46145547762264], [-70.67316003753754, -33.46148847729906], [-70.67353974105744, -33.46155967795774], [-70.67406453115105, -33.46165797610217], [-70.674145496269, -33.4616729078135]]], [[[-70.67327519828623, -33.46265600232795], [-70.67328223979793, -33.46262576524828], [-70.67330264136744, -33.46253895857023], [-70.67350254171299, -33.46168925710065], [-70.67352214342816, -33.4616060498186], [-70.67353031330556, -33.461571619621004], [-70.67315756036874, -33.4615017223097], [-70.67298096246246, -33.461468722700936], [-70.67292376480702, -33.46145800377117], [-70.67267898764386, -33.46248411997485], [-70.67266750575416, -33.46254368227768], [-70.6727272106665, -33.46255447232208], [-70.67277922314597, -33.46256407462599], [-70.67327519828623, -33.46265600232795]]], [[[-70.67354357246658, -33.46157410462499], [-70.67353525657185, -33.4616091501814], [-70.67351565805451, -33.46169234388762], [-70.67331575845381, -33.462542042190364], [-70.67329536020206, -33.46262883475172], [-70.67328846260789, -33.46265845383261], [-70.67379742136896, -33.46275227429816], [-70.67388701117285, -33.46276880964241], [-70.6739018416395, -33.46270575741304], [-70.67393914277407, -33.4625477525972], [-70.67414241760034, -33.46168604193789], [-70.67406206884895, -33.46167122389783], [-70.67354357246658, -33.46157410462499]]], [[[-70.67344827370246, -33.459235211082174], [-70.6734959702326, -33.459244383491814], [-70.67465833370242, -33.459467149933666], [-70.67482633495024, -33.4587062847783], [-70.67484615783154, -33.45862397871356], [-70.67477682836471, -33.458620127076514], [-70.67374287558737, -33.45856332967057], [-70.67369705622836, -33.45856142886746], [-70.67360875873973, -33.458556068956014], [-70.67358825725309, -33.45864324729602], [-70.67357975630814, -33.45867915128708], [-70.67344827370246, -33.459235211082174]]]]}}, {"type": "Feature", "properties": {"n": 32, "nmanzanas": 4, "centro": [-70.672464, -33.460786], "color": "#81b0e0", "letras": "ABCD"}, "geometry": {"type": "MultiPolygon", "coordinates": [[[[-70.6721000785842, -33.45896176095718], [-70.67214463896627, -33.45897079705852], [-70.67343504491633, -33.45923259980791], [-70.67356664346318, -33.458676049680136], [-70.67357514274691, -33.458640152703985], [-70.67359510198746, -33.458555280153554], [-70.67351512805787, -33.458550827059746], [-70.67228191680132, -33.45848312644179], [-70.6722547984985, -33.45848152536118], [-70.67219346610449, -33.45847782340591], [-70.67213147589999, -33.458473563845075], [-70.67212411712947, -33.458539156836615], [-70.67212032832644, -33.4586096485139], [-70.67211542720162, -33.458707971079264], [-70.6721000785842, -33.45896176095718]]], [[[-70.67343194515917, -33.45924572010947], [-70.67214196069033, -33.45898400287185], [-70.67209872506129, -33.4589752354083], [-70.67195051747818, -33.460086199451254], [-70.67200028528144, -33.460095886398676], [-70.6730727827795, -33.46030398591322], [-70.67317732992348, -33.46032425429551], [-70.6732987429275, -33.45981005194728], [-70.67339244282657, -33.459413052374934], [-70.67343194515917, -33.45924572010947]]], [[[-70.67317423269735, -33.46033737939564], [-70.67307021771917, -33.460317214183455], [-70.67199771667197, -33.460109113980344], [-70.6719487580632, -33.46009958453804], [-70.67180160158556, -33.46123404337408], [-70.67186032770498, -33.461244975467075], [-70.6728333363369, -33.46142449550966], [-70.6729136664315, -33.46144219222024], [-70.67317423269735, -33.46033737939564]]], [[[-70.67265427437346, -33.46254113331028], [-70.67266581235613, -33.46248128002515], [-70.67291055590319, -33.46145530474161], [-70.6728306636631, -33.461437704490336], [-70.67185787229504, -33.46125822453292], [-70.67179989801097, -33.46124743239696], [-70.67174658534364, -33.46167383537275], [-70.67166117311629, -33.462357826794204], [-70.67171241610106, -33.46236727332705], [-70.67253021077323, -33.46251667235373], [-70.67257438400351, -33.462524785801065], [-70.67265427437346, -33.46254113331028]]]]}}, {"type": "Feature", "properties": {"n": 33, "nmanzanas": 3, "centro": [-70.677407, -33.464925], "color": "#feeaba", "letras": "ABC"}, "geometry": {"type": "MultiPolygon", "coordinates": [[[[-70.67597672941454, -33.46488815309958], [-70.67602492514241, -33.46489707499476], [-70.67693288507162, -33.465064812169835], [-70.67700025455557, -33.465070245192734], [-70.67809436696518, -33.46499977659701], [-70.67815026684256, -33.464996176604906], [-70.67880332951667, -33.464954079011], [-70.67884697922376, -33.464950781418814], [-70.67879077724442, -33.46400984510013], [-70.67878708055788, -33.4639589906828], [-70.67878518045131, -33.463933089230174], [-70.67874695784559, -33.46340409626812], [-70.67869069330999, -33.463407237031674], [-70.67819299078107, -33.46340803735735], [-70.67805476720687, -33.46340743682046], [-70.677974846504, -33.46340463258527], [-70.67775341106532, -33.46339572713834], [-70.67757566464921, -33.463382316091185], [-70.67732904000857, -33.4633616056244], [-70.6764344447516, -33.46326059486872], [-70.67634992861213, -33.46325106929278], [-70.67631166867314, -33.46341869806588], [-70.67622896892317, -33.463781596968715], [-70.67610516895125, -33.464324896845504], [-70.67608856857036, -33.46439759851658], [-70.67605216886496, -33.464557297224076], [-70.67597672941454, -33.46488815309958]]], [[[-70.67884784869808, -33.464964228797825], [-70.67880427048333, -33.464967520989], [-70.67815113340113, -33.46500962337939], [-70.67809523299213, -33.46501322340574], [-70.67700014544442, -33.46508375480727], [-70.67693111492837, -33.465078187830166], [-70.676022476051, -33.464910325225716], [-70.675973654645, -33.46490128750673], [-70.67584652193024, -33.46542923464378], [-70.67588559902497, -33.46543627021614], [-70.67624935742663, -33.46550235248255], [-70.67622984240296, -33.46558150892686], [-70.6760194378606, -33.466439227443914], [-70.67599176531809, -33.466548799531445], [-70.67662914391612, -33.46657426703621], [-70.67700458951127, -33.46658646851799], [-70.67708678674839, -33.4665908683701], [-70.67845679228878, -33.46663426537795], [-70.67880678534625, -33.46664316520141], [-70.6788946424802, -33.46664576689331], [-70.67896530570863, -33.46664876417677], [-70.67896346824473, -33.46656552706275], [-70.67896118168237, -33.46653510584162], [-70.67890808025135, -33.46583108686922], [-70.67884784869808, -33.464964228797825]]], [[[-70.6760063621394, -33.466435972556084], [-70.67621675759705, -33.46557829107314], [-70.67623284257337, -33.465513047517454], [-70.67588320097504, -33.46544952978386], [-70.67584341889122, -33.46544236728287], [-70.67562343529069, -33.4663936101388], [-70.6756181068774, -33.466433277215536], [-70.67561543059522, -33.46647272759728], [-70.6756136312558, -33.466533635236445], [-70.67597800661832, -33.46654824896281], [-70.6760063621394, -33.466435972556084]]]]}}, {"type": "Feature", "properties": {"n": 34, "nmanzanas": 3, "centro": [-70.675378, -33.464678], "color": "#c4c543", "letras": "ABC"}, "geometry": {"type": "MultiPolygon", "coordinates": [[[[-70.67583014720643, -33.46543995177659], [-70.6757494831553, -33.465425126534306], [-70.67467628524861, -33.46522822691837], [-70.67462087770618, -33.46521807934577], [-70.67460256053266, -33.46529523350086], [-70.67434516577666, -33.466413910709676], [-70.67432821067675, -33.46648759324496], [-70.67442101752694, -33.466490166108144], [-70.67446984673627, -33.46649196718553], [-70.67560016592165, -33.46653312030688], [-70.67560196940478, -33.46647207240272], [-70.6756046931226, -33.46643192278446], [-70.67561016470931, -33.46639118986119], [-70.67583014720643, -33.46543995177659]]], [[[-70.67462395006125, -33.46520494324373], [-70.67467871371667, -33.46521497289213], [-70.67575191580521, -33.465411873274974], [-70.6758332434328, -33.46542682047561], [-70.67596204033825, -33.46489196241319], [-70.6760390312013, -33.46455430248521], [-70.67607543113503, -33.464394602775926], [-70.6760904557184, -33.46432880233925], [-70.67600971616515, -33.46431453252084], [-70.67497221258739, -33.464127531875974], [-70.67494240957183, -33.46412223133965], [-70.67487749975956, -33.46411047099445], [-70.67486156153096, -33.46417852906254], [-70.67479276319195, -33.46447522189958], [-70.67471676387184, -33.464802618971554], [-70.67462395006125, -33.46520494324373]]], [[[-70.67633659317468, -33.46324894106046], [-70.67627827217115, -33.46323720519032], [-70.6758664741407, -33.463154505585855], [-70.67534807477959, -33.46305050571403], [-70.67522697209226, -33.46302610517496], [-70.67513268976049, -33.46300719253244], [-70.67488055698796, -33.464097330860085], [-70.67494479042819, -33.46410896866035], [-70.6749745874126, -33.46411426812402], [-70.67601208383483, -33.464301267479165], [-70.67609345613333, -33.46431564912827], [-70.67621583104875, -33.463778603154495], [-70.67629853107682, -33.46341570303129], [-70.67633659317468, -33.46324894106046]]]]}}, {"type": "Feature", "properties": {"n": 35, "nmanzanas": 5, "centro": [-70.674089, -33.464688], "color": "#727274", "letras": "ABCDE"}, "geometry": {"type": "MultiPolygon", "coordinates": [[[[-70.67338036117958, -33.46497674780217], [-70.67450361062976, -33.46518287232524], [-70.67453991277492, -33.46518947271527], [-70.67461068350605, -33.465202507013345], [-70.67470203720532, -33.46480651195252], [-70.67461176363426, -33.46479072336499], [-70.67455884205442, -33.46478021908165], [-70.67347289248845, -33.46458297254326], [-70.67339036030565, -33.46493373432018], [-70.67338036117958, -33.46497674780217]]], [[[-70.67460760721777, -33.46521564173216], [-70.67453748722508, -33.46520272728473], [-70.67450118937023, -33.465196127674766], [-70.67337729429755, -33.46498988467523], [-70.67328085932706, -33.465401038471775], [-70.67317906064501, -33.46583473285736], [-70.67308936296067, -33.46622042290029], [-70.67307055971538, -33.46630163691708], [-70.67306511504177, -33.46632460354034], [-70.67305528366926, -33.466386968206386], [-70.67304864103285, -33.46645186855936], [-70.67311988555684, -33.466453865221176], [-70.67317158237546, -33.46645526513503], [-70.67350468803002, -33.466464565290536], [-70.67417878817052, -33.466483465294424], [-70.67422188644133, -33.466484665246284], [-70.6743144712583, -33.46648721345225], [-70.67433203425442, -33.46641088915524], [-70.67458943946733, -33.46529216649913], [-70.67460760721777, -33.46521564173216]]], [[[-70.67389718782555, -33.46278437671516], [-70.67368725803188, -33.463674343986156], [-70.67364038245826, -33.46387383096334], [-70.67369709696652, -33.4638840698463], [-70.67378739595993, -33.4639003696646], [-70.6747937917543, -33.46408176890655], [-70.67486728008001, -33.46409493786717], [-70.67511944151674, -33.46300467560508], [-70.67506980542568, -33.462995730585135], [-70.67493100572077, -33.46297073063828], [-70.6739500982015, -33.46279402928376], [-70.67389718782555, -33.46278437671516]]], [[[-70.67355328656964, -33.464242648413865], [-70.67361190869468, -33.46425337197333], [-70.67478108731744, -33.464465922778665], [-70.67484843846903, -33.464175470937455], [-70.674864220713, -33.4641080789416], [-70.67479140824571, -33.46409503109345], [-70.67378500487851, -33.46391363048652], [-70.67369470318975, -33.46389733018191], [-70.67363728881934, -33.463886964950206], [-70.67355328656964, -33.464242648413865]]], [[[-70.6734759891117, -33.46456983986127], [-70.67456135794556, -33.46476698091835], [-70.67461423636573, -33.464777476635014], [-70.67470507912012, -33.46479336477107], [-70.67477803836655, -33.464479064017304], [-70.67360949130531, -33.46426662802668], [-70.67355018495834, -33.46425577930467], [-70.6734759891117, -33.46456983986127]]]]}}, {"type": "Feature", "properties": {"n": 36, "nmanzanas": 4, "centro": [-70.672863, -33.464412], "color": "#cac082", "letras": "ABCD"}, "geometry": {"type": "MultiPolygon", "coordinates": [[[[-70.67362710361482, -33.46387143572774], [-70.67367414130548, -33.46367125883389], [-70.67388391790881, -33.462781940980584], [-70.67379497791975, -33.46276552557072], [-70.67327907863104, -33.46267042570184], [-70.67277677450451, -33.462577324940256], [-70.6727247893335, -33.46256772767792], [-70.67266470019179, -33.46255686819447], [-70.67264945789486, -33.46262194458791], [-70.67264135683935, -33.46265614904454], [-70.67240678742534, -33.46365152975429], [-70.67245139486093, -33.463659569466515], [-70.67259959457895, -33.46368626941571], [-70.67362710361482, -33.46387143572774]]], [[[-70.67214619240507, -33.464750352813056], [-70.67237421538374, -33.46479217319766], [-70.67263341586812, -33.464839773286435], [-70.6728756148408, -33.464884173098106], [-70.67311061538375, -33.46492727319766], [-70.67330701291341, -33.464963372743064], [-70.67336709141384, -33.46497432078305], [-70.67337723969435, -33.46493066567982], [-70.67346124176359, -33.46457365688555], [-70.67353854313188, -33.46424645108185], [-70.67362400913105, -33.46388456979031], [-70.67259720524045, -33.46369953055175], [-70.67244900542104, -33.46367283058429], [-70.67240368331241, -33.46366466206473], [-70.67214619240507, -33.464750352813056]]], [[[-70.6731453842248, -33.4653829267408], [-70.6724549727572, -33.46525502461637], [-70.67211177407128, -33.4651914248599], [-70.67204449233796, -33.4651789923657], [-70.67177074632326, -33.46634599390802], [-70.6717519921585, -33.466420289252994], [-70.67182238415371, -33.4664221651818], [-70.67186518823404, -33.4664233652962], [-70.67219186983016, -33.46643246478358], [-70.67290055206699, -33.466448464382545], [-70.67303513133842, -33.46645152300227], [-70.67304191633075, -33.466385231793616], [-70.67305188495823, -33.466321996459655], [-70.67305744028461, -33.466298563082916], [-70.67307623629284, -33.46621738032396], [-70.673165939355, -33.46583166714264], [-70.67326612103429, -33.46540486169757], [-70.6731453842248, -33.4653829267408]]], [[[-70.67237178386411, -33.46480542666439], [-70.67214330202387, -33.464763522122624], [-70.67213247328398, -33.46481748683461], [-70.67209164518566, -33.46497949833263], [-70.67204758528479, -33.46516586110807], [-70.67211422421732, -33.46517817482387], [-70.67245742742489, -33.46524177541736], [-70.6731478157752, -33.465369673259204], [-70.67326920310485, -33.465391726399744], [-70.67336402307494, -33.46498745821265], [-70.67330458708658, -33.46497662725694], [-70.67310818331093, -33.464940526562934], [-70.67287318488349, -33.46489742685135], [-70.67263098515919, -33.46485302690189], [-70.67237178386411, -33.46480542666439]]]]}}, {"type": "Feature", "properties": {"n": 37, "nmanzanas": 3, "centro": [-70.671922, -33.464154], "color": "#289d50", "letras": "ABC"}, "geometry": {"type": "MultiPolygon", "coordinates": [[[[-70.6721300460803, -33.46476109352359], [-70.67208378708727, -33.46475262725506], [-70.67157921102839, -33.4646600002425], [-70.67159182985802, -33.46605224465811], [-70.67164017737647, -33.46624662953687], [-70.67165815283043, -33.4663011517701], [-70.67166883369433, -33.46632937276829], [-70.67167846110046, -33.46634691180521], [-70.67169608021624, -33.46636995218739], [-70.67173977221586, -33.46641364418701], [-70.67175765367674, -33.46634280609197], [-70.67203284205672, -33.46516965562904], [-70.67207855481435, -33.46497630166737], [-70.67211932671601, -33.464814513165386], [-70.6721300460803, -33.46476109352359]]], [[[-70.67156224251417, -33.4634994891865], [-70.67161228512039, -33.46350836771341], [-70.67231690030303, -33.463635170445684], [-70.67239351041331, -33.4636491247601], [-70.67262824316064, -33.46265305095546], [-70.67263634210514, -33.46261885541209], [-70.67265145974359, -33.462554311243146], [-70.67257181599648, -33.46253801419894], [-70.6725277860603, -33.462529927067806], [-70.67170998389895, -33.46238052667296], [-70.67165969120758, -33.46237125532464], [-70.67158141099924, -33.463171397960615], [-70.67156802766542, -33.46333789062832], [-70.67156224251417, -33.4634994891865]]], [[[-70.67157904617062, -33.46464627014849], [-70.67208621469003, -33.464739373070216], [-70.67213292066953, -33.46474792114571], [-70.67239040559978, -33.46366225559934], [-70.67231449969697, -33.46364842955431], [-70.67160991487962, -33.46352163228659], [-70.67156207242282, -33.46351314410877], [-70.67156263709397, -33.46364283024937], [-70.67157904617062, -33.46464627014849]]]]}}, {"type": "Feature", "properties": {"n": 38, "nmanzanas": 3, "centro": [-70.678507, -33.46778], "color": "#7e0d3d", "letras": "ABC"}, "geometry": {"type": "MultiPolygon", "coordinates": [[[[-70.67494204651804, -33.46716746282679], [-70.675547846782, -33.46717176282853], [-70.67558541284338, -33.46717201780179], [-70.67559846496471, -33.46658912192899], [-70.67559976169471, -33.4665465891851], [-70.67446935486682, -33.466505432872836], [-70.67442058247305, -33.46650363389186], [-70.67432644744996, -33.46650102420805], [-70.67432543670512, -33.4665783921308], [-70.67432493668355, -33.46661339364012], [-70.67432313671918, -33.466746591003435], [-70.67432033672334, -33.466954090696014], [-70.67431752774979, -33.467163117072595], [-70.67434825020857, -33.46716336285226], [-70.67494204651804, -33.46716746282679]]], [[[-70.67685864735178, -33.467180962832586], [-70.6773234478327, -33.467184262835985], [-70.67749184580649, -33.46718554831574], [-70.6770532452001, -33.466684625918994], [-70.67702185635906, -33.46664206305686], [-70.67700012101967, -33.46659980507944], [-70.67662865608388, -33.46658773296379], [-70.67598293101345, -33.46656193196206], [-70.67561322691185, -33.46654710452008], [-70.6756119350353, -33.466589478071015], [-70.67559888881154, -33.467172110563695], [-70.67563504700351, -33.467172362830155], [-70.67685864735178, -33.467180962832586]]], [[[-70.67701565934132, -33.466600555021564], [-70.67703334364094, -33.466634936943144], [-70.6770637547999, -33.46667617408101], [-70.6775119792633, -33.467188087811245], [-70.67820420762769, -33.46806285002407], [-70.67845456114188, -33.46838691929533], [-70.67891706512441, -33.46900365791046], [-70.67894812283119, -33.46903668753513], [-70.678980421399, -33.469065933494406], [-70.67901983956266, -33.46909380986324], [-70.67906990020728, -33.4691159273867], [-70.67909758712041, -33.46912791854979], [-70.67912123280692, -33.469132374575814], [-70.6791023759289, -33.46883212253373], [-70.67901817597189, -33.467492923217435], [-70.67899077652459, -33.46705803198997], [-70.67897057468166, -33.46674960385337], [-70.67896580603582, -33.46666227218257], [-70.6788941575198, -33.4666592331067], [-70.67880641465375, -33.46665663479859], [-70.67845640771122, -33.46664773462206], [-70.67708621325161, -33.4666043316299], [-70.67701565934132, -33.466600555021564]]]]}}, {"type": "Feature", "properties": {"n": 39, "nmanzanas": 4, "centro": [-70.676116, -33.467727], "color": "#209b4d", "letras": "ABCD"}, "geometry": {"type": "MultiPolygon", "coordinates": [[[[-70.67750352017732, -33.4671991124933], [-70.67732335036865, -33.467197737151245], [-70.67686525145079, -33.46719448472777], [-70.67686473678721, -33.46723488581895], [-70.67684973672402, -33.468349690644835], [-70.67684933254134, -33.468378387709656], [-70.67831312473912, -33.4683837627116], [-70.67843544250925, -33.468384212078874], [-70.67819359237231, -33.46807114997593], [-70.67750352017732, -33.4671991124933]]], [[[-70.67493516256256, -33.467180890284084], [-70.67434814979143, -33.46717683714773], [-70.67431735456431, -33.46717659078592], [-70.67431633678082, -33.46725958640251], [-70.6743146367303, -33.46738659017671], [-70.67430172698232, -33.46834647959355], [-70.67434711556363, -33.46834726365733], [-70.67491547177039, -33.46835694873962], [-70.67491636353394, -33.46830139187053], [-70.67493436351029, -33.46723469313711], [-70.67493516256256, -33.467180890284084]]], [[[-70.67685177690242, -33.46719438954448], [-70.67563495279143, -33.46718583716842], [-70.67559858588773, -33.46718558344583], [-70.67557693475587, -33.46814449022621], [-70.67557323659986, -33.46825353585348], [-70.67557273684434, -33.468331297812014], [-70.67557198969752, -33.46836433830456], [-70.6768358579284, -33.46837828894027], [-70.67683626330428, -33.468349507252256], [-70.67685126324369, -33.467234711755005], [-70.67685177690242, -33.46719438954448]]], [[[-70.67558510987934, -33.46718549072347], [-70.67554775427254, -33.46718523717863], [-70.67494863731517, -33.467180984615545], [-70.67494783648971, -33.46723490686289], [-70.67492983642164, -33.4683016108972], [-70.67492894512156, -33.46835713889215], [-70.67555851497255, -33.4683641885079], [-70.67555926315566, -33.46833110218799], [-70.67555976340014, -33.468253264146526], [-70.67556346524412, -33.46814410977379], [-70.67558510987934, -33.46718549072347]]]]}}, {"type": "Feature", "properties": {"n": 40, "nmanzanas": 5, "centro": [-70.673652, -33.467649], "color": "#b391b2", "letras": "ABCDE"}, "geometry": {"type": "MultiPolygon", "coordinates": [[[[-70.67349241474307, -33.46715772610093], [-70.67349566286681, -33.46673684800622], [-70.67349596288537, -33.4667011456099], [-70.67349716286809, -33.46654614784156], [-70.67349770997697, -33.466477850384834], [-70.67317121480352, -33.46646873478858], [-70.67311951762454, -33.466467334864966], [-70.67304748528036, -33.46646531612712], [-70.67304253084083, -33.46653862348226], [-70.67303783226936, -33.46670307348421], [-70.67301753371558, -33.467088346034394], [-70.67301617545733, -33.467154900688975], [-70.67306343735987, -33.46715516276977], [-70.67344413872452, -33.46715746277719], [-70.67349241474307, -33.46715772610093]]], [[[-70.67383864330452, -33.46715976280439], [-70.67425504692073, -33.46716266282958], [-70.67430405324043, -33.4671630147599], [-70.67430686327445, -33.466953909469396], [-70.67430966327949, -33.46674640909485], [-70.67431146328127, -33.46661320896326], [-70.67431196329488, -33.466578207869205], [-70.67431297649401, -33.46650065208222], [-70.67422151463899, -33.46649813478346], [-70.67417841249029, -33.46649693472398], [-70.67351118205737, -33.46647822732879], [-70.67351063712472, -33.46654625308682], [-70.67350943713191, -33.466701252158444], [-70.6735091371154, -33.46673695429861], [-70.67350588922201, -33.467157802544705], [-70.67383864330452, -33.46715976280439]]], [[[-70.6743038801375, -33.46717648853186], [-70.67425495233753, -33.46717613716526], [-70.67384523102818, -33.46717328367871], [-70.67384373636939, -33.467267914264056], [-70.67383663622672, -33.46765952213281], [-70.67383263621237, -33.46787712292532], [-70.67382573627516, -33.46825801945868], [-70.67382425453543, -33.46834340471045], [-70.67424004526634, -33.468345962817175], [-70.67428825332237, -33.46834631405984], [-70.67430116327269, -33.46738640960044], [-70.67430286321918, -33.46725941359748], [-70.6743038801375, -33.46717648853186]]], [[[-70.67381916377136, -33.46787687797328], [-70.6738231637883, -33.467659277038464], [-70.67383026363062, -33.46726768573595], [-70.67383175604685, -33.46717319713287], [-70.67349906178733, -33.46717123722561], [-70.67345074807142, -33.46717097369624], [-70.67344953674112, -33.46726228936493], [-70.67344413668775, -33.46765219330114], [-70.67344113668706, -33.467868093352024], [-70.67343573670138, -33.46825969231253], [-70.67343462915593, -33.468341004607076], [-70.67381077927864, -33.46834332175362], [-70.67381226368042, -33.468257783100746], [-70.67381916377136, -33.46787687797328]]], [[[-70.67342766330667, -33.46786790710382], [-70.67343066331408, -33.46765200656684], [-70.67343606328508, -33.467262108661146], [-70.67343727324612, -33.46717089621291], [-70.67306336097278, -33.467168637220986], [-70.67301590498806, -33.46716837406395], [-70.67300123602277, -33.467911832906466], [-70.67299673604454, -33.46813773182011], [-70.67299413598556, -33.46827303488843], [-70.67299277830973, -33.468338203328265], [-70.67303653994396, -33.4683384627846], [-70.67306604381042, -33.46833866280837], [-70.6733069419502, -33.46834016279679], [-70.67342115441066, -33.46834091854457], [-70.67342226329109, -33.46825950824007], [-70.67342766330667, -33.46786790710382]]]]}}, {"type": "Feature", "properties": {"n": 41, "nmanzanas": 5, "centro": [-70.671943, -33.467277], "color": "#f79c33", "letras": "ABCDE"}, "geometry": {"type": "MultiPolygon", "coordinates": [[[[-70.67300269947457, -33.467154827648464], [-70.67300406628442, -33.4670878539656], [-70.67302436773065, -33.46670252651579], [-70.67302906915916, -33.46653797651775], [-70.67303400289482, -33.46646497550303], [-70.6729002473866, -33.46646193560512], [-70.67219153016984, -33.46644593521643], [-70.67186481240904, -33.466436834721705], [-70.67182201584627, -33.4664356348182], [-70.67174885439624, -33.46643368508413], [-70.67172554510385, -33.466546235667394], [-70.67172157675586, -33.46657560144254], [-70.67171071336924, -33.46665613003335], [-70.67170483627228, -33.46676679875722], [-70.67170257718213, -33.46714720989434], [-70.67176734313703, -33.467147662803114], [-70.67297153740228, -33.46715466276978], [-70.67300269947457, -33.467154827648464]]], [[[-70.67173331433293, -33.466442277337876], [-70.67165128485927, -33.466500833236864], [-70.67159225597709, -33.4665453043204], [-70.67153750885048, -33.46658989834353], [-70.6714844201596, -33.46663861268534], [-70.67100774039962, -33.46713827085427], [-70.67104438849293, -33.46713876324708], [-70.67165198648267, -33.46714656322127], [-70.67168910310465, -33.46714707050763], [-70.67169136372772, -33.46676640124278], [-70.67169728663077, -33.46665486996665], [-70.67170822314588, -33.466573799285776], [-70.67171225489615, -33.4665439643326], [-70.67173331433293, -33.466442277337876]]], [[[-70.67087167662302, -33.46743954857325], [-70.6709101839874, -33.467466718225566], [-70.67092702428542, -33.46748518822985], [-70.67093565955241, -33.46750739320209], [-70.67092333648796, -33.46820950731266], [-70.67092173363605, -33.46832151837619], [-70.67163575917355, -33.468327362924846], [-70.67168230233827, -33.4683277995399], [-70.67168476277833, -33.46790726112356], [-70.67168902462832, -33.46716054536115], [-70.67165181071904, -33.467160036742804], [-70.67104421351733, -33.46715223677873], [-70.67099525584553, -33.467151578999314], [-70.67078972632368, -33.46739052638515], [-70.67087167662302, -33.46743954857325]]], [[[-70.67298762742229, -33.46791842214548], [-70.67294928094083, -33.467918337308134], [-70.67175907842845, -33.46791423729948], [-70.67169819791495, -33.46791405717961], [-70.67169577659088, -33.468327909890206], [-70.67176055111156, -33.46832836285888], [-70.67213955466681, -33.46833146288796], [-70.67253725420862, -33.468334662884274], [-70.6729486450832, -33.46833796281107], [-70.6729793023044, -33.46833812719295], [-70.67298066401443, -33.46827276511157], [-70.67298326390981, -33.46813747055555], [-70.67298762742229, -33.46791842214548]]], [[[-70.67169827578236, -33.4679005826834], [-70.67175911993286, -33.46790076269568], [-70.67294931905917, -33.46790486269187], [-70.67298789457588, -33.46790494803594], [-70.673002429138, -33.467168301074345], [-70.67297146435324, -33.46716813723951], [-70.67176725686296, -33.46716113719688], [-70.67170249872218, -33.46716068434275], [-70.67169827578236, -33.4679005826834]]]]}}, {"type": "Feature", "properties": {"n": 42, "nmanzanas": 3, "centro": [-70.676519, -33.46879], "color": "#626365", "letras": "ABC"}, "geometry": {"type": "MultiPolygon", "coordinates": [[[[-70.67684910226012, -33.46839186162254], [-70.67684833600856, -33.46842983364408], [-70.6768280687635, -33.46946922539883], [-70.67686484754866, -33.46946956281888], [-70.67811964254186, -33.46947576279414], [-70.67905612589854, -33.469482962666184], [-70.67911189569612, -33.469482962666184], [-70.67918023947338, -33.46948287538167], [-70.67916825654945, -33.46945303403559], [-70.67915871691959, -33.46941223689518], [-70.67914855314764, -33.469362122455266], [-70.67913981461167, -33.46929753764341], [-70.67912237549648, -33.469146301761], [-70.67909361287958, -33.469140881450215], [-70.67906449979273, -33.4691282726133], [-70.67901316043735, -33.46910559013676], [-70.67897197860098, -33.4690764665056], [-70.6789386771688, -33.469046312464876], [-70.6789067348756, -33.46901234208954], [-70.67844582184186, -33.468397724968696], [-70.67831307524875, -33.46839723728834], [-70.67684910226012, -33.46839186162254]]], [[[-70.6755488223764, -33.46945810054754], [-70.67555646333606, -33.468591794339886], [-70.67555906178069, -33.46847656331508], [-70.67555816238962, -33.46839941554856], [-70.67555831558512, -33.468377661787606], [-70.67492200488503, -33.468370536691125], [-70.67434688520903, -33.468360736355834], [-70.6743015521945, -33.46835995325212], [-70.67430063675492, -33.46843318841791], [-70.67429873671615, -33.46857139123776], [-70.67429223673525, -33.469058989804715], [-70.67428702751405, -33.46944722421737], [-70.67435755938068, -33.46944786292768], [-70.67551235775645, -33.469457762913756], [-70.6755488223764, -33.46945810054754]]], [[[-70.67557178953197, -33.46837781158359], [-70.67557163761037, -33.468399384451445], [-70.67557253821931, -33.468476636684926], [-70.67556993666393, -33.46859200566011], [-70.67556229645999, -33.46945822618572], [-70.67559816096123, -33.469458562941604], [-70.67678095440627, -33.469468862884526], [-70.67681459372028, -33.46946911330125], [-70.67683486394665, -33.46842956865276], [-70.67683562686207, -33.46839176187822], [-70.67557178953197, -33.46837781158359]]]]}}, {"type": "Feature", "properties": {"n": 43, "nmanzanas": 4, "centro": [-70.676678, -33.470113], "color": "#feebbd", "letras": "ABCD"}, "geometry": {"type": "MultiPolygon", "coordinates": [[[[-70.67904965168087, -33.46949638795695], [-70.67812625444301, -33.469489288693616], [-70.67812583683833, -33.469523281714864], [-70.67811353685113, -33.47055078064552], [-70.67811293685934, -33.47059888005653], [-70.6781123132385, -33.4706541150447], [-70.67890895199182, -33.4706602628668], [-70.67910386850434, -33.47066180447034], [-70.67909877566024, -33.470601137081694], [-70.67909746958216, -33.47057280523426], [-70.67908506935831, -33.470294800215676], [-70.6790688693434, -33.46993119988074], [-70.67904965168087, -33.46949638795695]]], [[[-70.6768278073953, -33.469482698235645], [-70.67680643560094, -33.470590154798096], [-70.67680603535607, -33.47060516398045], [-70.67680518615295, -33.47064371780201], [-70.6775696534573, -33.47064986287823], [-70.67809883889522, -33.47065401025431], [-70.67809946314067, -33.47059871994347], [-70.67810006316923, -33.47055061765277], [-70.67811236314887, -33.46952311935448], [-70.67811277980255, -33.46948920371728], [-70.67686475245135, -33.469483037181114], [-70.6768278073953, -33.469482698235645]]], [[[-70.67553842026912, -33.47063350872249], [-70.6755388629106, -33.470581542614234], [-70.67553936294856, -33.47052883827793], [-70.67554870343513, -33.469471574691454], [-70.67551223993358, -33.46947123706644], [-70.67435744224355, -33.469461337086244], [-70.6742868474231, -33.46946069780663], [-70.67427203673672, -33.47057308969474], [-70.67427133178828, -33.470623317397056], [-70.67553842026912, -33.47063350872249]]], [[[-70.67556217751863, -33.46947170033051], [-70.67555283707091, -33.470528959519235], [-70.6755523370615, -33.47058166066253], [-70.67555189447818, -33.47063361994416], [-70.67563965568266, -33.470634362896156], [-70.6756644537603, -33.470634562880655], [-70.67639935317094, -33.470640362876004], [-70.6765254565492, -33.470641462903146], [-70.67679171060634, -33.470643609326466], [-70.67679256464393, -33.47060483601955], [-70.67679296439907, -33.47058984520191], [-70.67681433237709, -33.469482586396744], [-70.67678084559373, -33.46948233711548], [-70.6755980413325, -33.469472037078376], [-70.67556217751863, -33.46947170033051]]]]}}, {"type": "Feature", "properties": {"n": 44, "nmanzanas": 6, "centro": [-70.673203, -33.469479], "color": "#84b1df", "letras": "ABCDEF"}, "geometry": {"type": "MultiPolygon", "coordinates": [[[[-70.67254385318272, -33.468348190918334], [-70.67254343685141, -33.46838158068889], [-70.67253203689906, -33.469373876542505], [-70.67253141236719, -33.46942945987885], [-70.67292129682006, -33.46943506336191], [-70.67296326152879, -33.46943566655074], [-70.6729780633814, -33.46841990183314], [-70.67297906379633, -33.468351600775414], [-70.6729485549168, -33.468351437188936], [-70.67254385318272, -33.468348190918334]]], [[[-70.67214615276151, -33.46834499108179], [-70.67214573681713, -33.46837818344335], [-70.67213353673853, -33.46937498986587], [-70.6721328339006, -33.469423661392575], [-70.67251793903833, -33.46942926502981], [-70.67251856309143, -33.4693737243044], [-70.67252996311075, -33.46838142260351], [-70.67253037881746, -33.46834808266685], [-70.67214615276151, -33.46834499108179]]], [[[-70.67297673538579, -33.46943582035126], [-70.67301715615535, -33.469436162900145], [-70.67313915522219, -33.469437162892504], [-70.67367825873542, -33.46944186292222], [-70.67423345853884, -33.46944676292044], [-70.67427355322496, -33.469447105610065], [-70.67427876326923, -33.46905880985851], [-70.67428526326474, -33.468571210195286], [-70.67428716324507, -33.468433011582086], [-70.67428807854222, -33.46835978781167], [-70.67423995473365, -33.46835943718282], [-70.67381735855008, -33.46835683720631], [-70.67342775849771, -33.46835443720599], [-70.6733068567349, -33.46835363719502], [-70.6730659580498, -33.468352137203205], [-70.67303645719124, -33.46835193719842], [-70.67299253879558, -33.46835167681267], [-70.67299153661386, -33.46842009849141], [-70.67297673538579, -33.46943582035126]]], [[[-70.67253125469766, -33.46944293367201], [-70.67253083686127, -33.469477279823266], [-70.67251833688593, -33.47056127768549], [-70.67251823690953, -33.4705697756944], [-70.67251780924406, -33.47060971964884], [-70.67285615622083, -33.470612562900754], [-70.67294607096073, -33.470613307536276], [-70.67294686328131, -33.470564007589346], [-70.67294726322635, -33.47052881242741], [-70.67296306476818, -33.46944913978207], [-70.67292110316949, -33.46944853663794], [-70.67253125469766, -33.46944293367201]]], [[[-70.67213266313752, -33.469437135001854], [-70.67213193688434, -33.46950367794783], [-70.67211903687618, -33.47055857861457], [-70.6721189368478, -33.47056758116974], [-70.6721184248026, -33.47060700864886], [-70.6725043348983, -33.47060961745522], [-70.67250476309047, -33.4705696243056], [-70.67250486312267, -33.47056112157007], [-70.67251736311408, -33.46947712231451], [-70.67251778140329, -33.46944273883011], [-70.67213266313752, -33.469437135001854]]], [[[-70.67427337313997, -33.469460579230656], [-70.67423334241806, -33.46946023708774], [-70.6736781408818, -33.46945533707444], [-70.67313904302462, -33.46945063709313], [-70.67301704477781, -33.469449637107495], [-70.6729765386242, -33.46944929383527], [-70.67296073677366, -33.470528987572585], [-70.67296033671869, -33.47056419241065], [-70.67295954576095, -33.47061340755829], [-70.6730439443236, -33.47061396281199], [-70.67307214740417, -33.47061416283295], [-70.67361646940918, -33.47061796298658], [-70.6739100582457, -33.470621962834485], [-70.67425785690426, -33.47062323825975], [-70.67425856329582, -33.4705729078611], [-70.67427337313997, -33.469460579230656]]]]}}, {"type": "Feature", "properties": {"n": 45, "nmanzanas": 5, "centro": [-70.671203, -33.469467], "color": "#2e9b55", "letras": "ABCDE"}, "geometry": {"type": "MultiPolygon", "coordinates": [[[[-70.67075809160414, -33.46833369075219], [-70.67075088225182, -33.469400674895084], [-70.67161920925048, -33.46941516355129], [-70.6716758996013, -33.46941605631272], [-70.67168076276445, -33.46851736361251], [-70.67168126286785, -33.46842454442171], [-70.67168218809778, -33.468341273728726], [-70.67163564082644, -33.468340837075154], [-70.6709148456397, -33.468334937114555], [-70.67075809160414, -33.46833369075219]]], [[[-70.67211936086518, -33.469423451078264], [-70.67212006326147, -33.46937481013413], [-70.67213226317075, -33.46837801754683], [-70.67213267840586, -33.4683448817625], [-70.67176044888845, -33.46834183714112], [-70.67169566237092, -33.468341384088546], [-70.67169473713216, -33.46842465557829], [-70.67169423723603, -33.46851743629976], [-70.67168937328056, -33.46941627541715], [-70.67176611267192, -33.469417563608374], [-70.67211936086518, -33.469423451078264]]], [[[-70.67073740879981, -33.469400449462015], [-70.67074461733772, -33.46833358585194], [-70.67069884866943, -33.468333237138275], [-70.6703011449278, -33.46832999178232], [-70.67030073670176, -33.468359792283586], [-70.67030023666867, -33.46839449469862], [-70.67029433670146, -33.46882509230502], [-70.67028713668608, -33.46934429342092], [-70.67028643441016, -33.46939283832755], [-70.6703336163208, -33.469393363543624], [-70.67038063532789, -33.46939446398847], [-70.67073740879981, -33.469400449462015]]], [[[-70.67033990258214, -33.47058569042549], [-70.67040568594676, -33.47058646321098], [-70.6706017927541, -33.4705891633047], [-70.6715805890152, -33.470602863252196], [-70.67166234861666, -33.47060387947323], [-70.67166296315273, -33.47055541891581], [-70.67167578670539, -33.46942953087321], [-70.67161899391341, -33.469428636498535], [-70.67074398759841, -33.46941403639613], [-70.6703803646721, -33.46940793601153], [-70.67033338367919, -33.46940683645638], [-70.67028642102379, -33.46940631368099], [-70.67030031355344, -33.4705442110922], [-70.67031279311225, -33.47056394826675], [-70.67033990258214, -33.47058569042549]]], [[[-70.67210495018887, -33.470606917006336], [-70.6721054631522, -33.470567418830264], [-70.67210556312381, -33.470558421385434], [-70.67211846311565, -33.46950352205218], [-70.67211918996186, -33.46943692476886], [-70.6717658877267, -33.46943103639827], [-70.67168925975031, -33.46942975007737], [-70.67167643684726, -33.4705555810842], [-70.67167582272612, -33.4706040089234], [-70.67177194346074, -33.470604662805954], [-70.67180474108054, -33.47060486279143], [-70.67210495018887, -33.470606917006336]]]]}}, {"type": "Feature", "properties": {"n": 46, "nmanzanas": 4, "centro": [-70.669783, -33.468996], "color": "#8f435e", "letras": "ABCF"}, "geometry": {"type": "MultiPolygon", "coordinates": [[[[-70.67005829405078, -33.468175791288886], [-70.67011214718352, -33.46820158502236], [-70.67029645321009, -33.46831647838053], [-70.67069229849207, -33.468319708572004], [-70.67069456548285, -33.46820749252867], [-70.67071963029517, -33.46760234207981], [-70.67071557062303, -33.467585044346364], [-70.6707076565723, -33.46757468872679], [-70.67065557861898, -33.46753732256963], [-70.67009792080684, -33.46813340188316], [-70.67005829405078, -33.468175791288886]]], [[[-70.66913093935355, -33.469166716877744], [-70.66918644780094, -33.4692039012805], [-70.66921604592761, -33.4692237000274], [-70.66935463008959, -33.46931655540732], [-70.66938920487529, -33.46933597276547], [-70.66941343020665, -33.46934857384509], [-70.66944296532785, -33.469358353686545], [-70.66947838727613, -33.46936823660582], [-70.66952586438207, -33.46937207016096], [-70.66985878534007, -33.46938126521594], [-70.67019420492447, -33.4693904630108], [-70.67022103877383, -33.4693905631371], [-70.67027296309406, -33.4693925091934], [-70.67027366334169, -33.4693441045761], [-70.67028086330669, -33.46882490709992], [-70.67028676329853, -33.468394307694986], [-70.67028726333108, -33.468359605318945], [-70.6702877112502, -33.468326907223215], [-70.67010565281649, -33.46821341497763], [-70.67004865374511, -33.468186114451534], [-70.66989292287838, -33.46835319967434], [-70.66913093935355, -33.469166716877744]]], [[[-70.66942556333632, -33.4705740536223], [-70.66982430874552, -33.47057937280676], [-70.66982456282066, -33.47054185437576], [-70.66982506328854, -33.47047509172627], [-70.669851699176, -33.46939454930688], [-70.66952513561795, -33.469385529839045], [-70.66947601272388, -33.46938156339418], [-70.66944753488741, -33.46937361792047], [-70.66944423596418, -33.469516037148516], [-70.66943983629557, -33.46976661827494], [-70.66942893629314, -33.470384118412994], [-70.6694262362257, -33.470538222262554], [-70.66942556333632, -33.4705740536223]]], [[[-70.66983778255477, -33.47057954518581], [-70.67031803323567, -33.47058542387134], [-70.67030260688774, -33.47057305173325], [-70.67028688644655, -33.470548188907806], [-70.6702729414308, -33.46940599250941], [-70.67022076122618, -33.4694040368629], [-70.67019399507554, -33.46940393698921], [-70.66986516879928, -33.46939491999445], [-70.66983853671145, -33.470475308273734], [-70.66983803716289, -33.470541948052016], [-70.66983778255477, -33.47057954518581]]]]}}, {"type": "Feature", "properties": {"n": 47, "nmanzanas": 1, "centro": [-70.668947, -33.469867], "color": "#983b95", "letras": "A"}, "geometry": {"type": "MultiPolygon", "coordinates": [[[[-70.66914999102426, -33.470570363281055], [-70.66941208967489, -33.47057387353084], [-70.6694127637743, -33.47053797773744], [-70.66941546370009, -33.47038388197269], [-70.66942636370966, -33.46976638142787], [-70.66943076403582, -33.46951576285148], [-70.66943414901313, -33.469369628545564], [-70.66940816979334, -33.46936102615491], [-70.66938279512472, -33.469347827234536], [-70.66934756991041, -33.469328044592686], [-70.6692085519216, -33.469234898533905], [-70.66917895407238, -33.4692150999726], [-70.66912160576473, -33.469176683072675], [-70.66892252027125, -33.469389302456854], [-70.66870290587065, -33.46962431786734], [-70.66855288919432, -33.46978253545531], [-70.66838307520631, -33.46996165020945], [-70.66814756105839, -33.47020706495211], [-70.6679109612496, -33.470453564752944], [-70.66784256215108, -33.47052486381326], [-70.6678158069294, -33.47055276059106], [-70.66797328567016, -33.47055476321089], [-70.66830208810237, -33.47055906324226], [-70.66851318908395, -33.47056186325516], [-70.66874068883625, -33.470564863251894], [-70.6689591894121, -33.47056776325951], [-70.66914999102426, -33.470570363281055]]]]}}, {"type": "Feature", "properties": {"n": 48, "nmanzanas": 1, "centro": [-70.668212, -33.464818], "color": "#5dba48", "letras": "A"}, "geometry": {"type": "MultiPolygon", "coordinates": [[[[-70.66519973425535, -33.457359628454206], [-70.6651887405187, -33.47030725193902], [-70.6652840061229, -33.47036631661362], [-70.66761794941989, -33.470432202095914], [-70.66777146748497, -33.47032395217824], [-70.67120729823127, -33.46641941735399], [-70.67125226961305, -33.463213457514854], [-70.67194386472576, -33.45853719518481], [-70.67190157526638, -33.45849122838115], [-70.6652914588617, -33.45729910912631], [-70.66519973425535, -33.457359628454206]]]]}}, {"type": "Feature", "properties": {"n": 49, "nmanzanas": 5, "centro": [-70.664453, -33.460167], "color": "#c1c006", "letras": "ABCDE"}, "geometry": {"type": "MultiPolygon", "coordinates": [[[[-70.66500673516133, -33.45856266806031], [-70.66500166272057, -33.457300227070135], [-70.66500138372172, -33.4572231305363], [-70.66488723044148, -33.45720651088235], [-70.66410374245416, -33.45716391697186], [-70.66407065037752, -33.45716021785755], [-70.66401956198484, -33.4571575616153], [-70.66401558978296, -33.457197110929805], [-70.66401290460064, -33.457216006657305], [-70.66397102805338, -33.457823166620535], [-70.66394763275916, -33.45840754907637], [-70.66394587567363, -33.45845929524524], [-70.66396908214803, -33.45845874458314], [-70.6639991699478, -33.45846563087534], [-70.6640257089005, -33.45847969971773], [-70.66404414281745, -33.458497653584764], [-70.66412593403426, -33.458513001580314], [-70.66489855652276, -33.45856116557921], [-70.66500673516133, -33.45856266806031]]], [[[-70.66387193543908, -33.46095267838995], [-70.66396154870118, -33.460954164205695], [-70.66407034502656, -33.46095716410438], [-70.66499321116919, -33.46097145825566], [-70.66500876281431, -33.45878545521392], [-70.66500962218288, -33.45864642847784], [-70.66489468645807, -33.45864283081924], [-70.66412094300969, -33.45859494669627], [-70.66404401301226, -33.45859840422425], [-70.66403521165294, -33.45860814553455], [-70.66402380335663, -33.458617089638864], [-70.66401191704804, -33.458650876704986], [-70.66400745293434, -33.458673594083585], [-70.66400358189836, -33.45868689456621], [-70.66394572360875, -33.459037934775075], [-70.6639331336878, -33.4595432302525], [-70.66392513102026, -33.45972729160605], [-70.6638871310654, -33.460607590560585], [-70.66387193543908, -33.46095267838995]]], [[[-70.66381421960683, -33.46227314691721], [-70.66400886832454, -33.46226996228276], [-70.66497963298754, -33.46227671611917], [-70.66499309318853, -33.46098493271212], [-70.66407005497344, -33.46097063589563], [-70.66396125129883, -33.46096763579431], [-70.66387134364209, -33.4609661450974], [-70.66381643137562, -33.46221838352192], [-70.66381421960683, -33.46227314691721]]], [[[-70.66497944370903, -33.46229018979604], [-70.66400893167545, -33.46228343771723], [-70.66381367529132, -33.462286632293676], [-70.66380913143217, -33.46239928213493], [-70.66376243044462, -33.46347310675749], [-70.66381838291299, -33.463474265009225], [-70.6639700907176, -33.4634793652716], [-70.66495808308453, -33.463502108561926], [-70.66497944370903, -33.46229018979604]]], [[[-70.66405243202577, -33.4585845375718], [-70.6641210569903, -33.45858145330373], [-70.66489531354193, -33.45862936918076], [-70.66500937021999, -33.4586329393239], [-70.66500703081017, -33.458576148133744], [-70.66489804347725, -33.458574634420785], [-70.66412426596575, -33.45852639841968], [-70.66405344733155, -33.45851310941231], [-70.66405855842757, -33.458522692717345], [-70.66406283186977, -33.458547785493316], [-70.66405866436453, -33.45857290019586], [-70.66405243202577, -33.4585845375718]]]]}}, {"type": "Feature", "properties": {"n": 50, "nmanzanas": 7, "centro": [-70.664277, -33.46677], "color": "#186838", "letras": "ABCDEFG"}, "geometry": {"type": "MultiPolygon", "coordinates": [[[[-70.66495793006669, -33.4635155832768], [-70.6639697092824, -33.46349283472839], [-70.663818017087, -33.46348773499078], [-70.66376199981157, -33.463486575397496], [-70.66376073431906, -33.46354921727677], [-70.66368050644603, -33.46535877937703], [-70.66387132248998, -33.465382425448496], [-70.66494790127128, -33.465546662794395], [-70.66495356274828, -33.46439976674259], [-70.66495793006669, -33.4635155832768]]], [[[-70.66494781792356, -33.465560280643004], [-70.66386947751, -33.46539577455151], [-70.66367991467159, -33.46537228377823], [-70.66363353368136, -33.46644141494445], [-70.66384118243333, -33.46644296383957], [-70.6643164144723, -33.46646517000936], [-70.66494061694875, -33.46649434297047], [-70.66494246286696, -33.466255247986375], [-70.66494781792356, -33.465560280643004]]], [[[-70.66359886050162, -33.467234673481826], [-70.66381025470281, -33.467241270455524], [-70.66492921684622, -33.46732436268788], [-70.66493146308552, -33.46726146798751], [-70.66493196282994, -33.46711814128829], [-70.66494047241974, -33.466507825591584], [-70.66431578546477, -33.466478629987705], [-70.66384081756668, -33.46645643616043], [-70.66363289327394, -33.46645488521], [-70.66360253405965, -33.467038138128046], [-70.66359886050162, -33.467234673481826]]], [[[-70.66492893155392, -33.46733785327077], [-70.6638095452972, -33.46725472954447], [-70.66359867040306, -33.46724814877678], [-70.663598435513, -33.467272420750575], [-70.6635514298888, -33.468113221351864], [-70.66354033148964, -33.468393480926885], [-70.66351283095256, -33.46902039317076], [-70.66350362615708, -33.4692332661775], [-70.66367379784761, -33.469238265571796], [-70.66381329792937, -33.469242365574196], [-70.6647546981553, -33.469270065580844], [-70.66491950471955, -33.469274963677734], [-70.66492586262792, -33.46896763216778], [-70.66492536265702, -33.46805708513381], [-70.66492893155392, -33.46733785327077]]], [[[-70.66348634725553, -33.46960764836649], [-70.66369677904943, -33.46961326504575], [-70.66437647809373, -33.469631265020446], [-70.66491524027295, -33.46964548455011], [-70.66491726309509, -33.46946622397904], [-70.66491928777442, -33.46928843784743], [-70.66475430085887, -33.46928353439016], [-70.66381290193677, -33.469255834421865], [-70.66367340207063, -33.469251734425804], [-70.6635030243533, -33.46924672897874], [-70.66348634725553, -33.46960764836649]]], [[[-70.66346570559416, -33.46998507054915], [-70.66376209983292, -33.469993865630414], [-70.66403460150049, -33.470002065680006], [-70.66466660032575, -33.47002086564506], [-70.66491634087355, -33.4700283568884], [-70.66491518319953, -33.46965896240372], [-70.66437612224371, -33.469644734988464], [-70.66369642164263, -33.46962673497257], [-70.66348566846979, -33.46962110971546], [-70.66346570559416, -33.46998507054915]]], [[[-70.66491626326929, -33.47004183528885], [-70.66466619883961, -33.470034334330116], [-70.66403419967426, -33.47001553435494], [-70.66376169875456, -33.47000733432767], [-70.66346499214532, -33.46999852997725], [-70.66346082900971, -33.470080034921125], [-70.66345102949202, -33.47028222496982], [-70.66344873682037, -33.47032987266767], [-70.66344835777136, -33.470449462629844], [-70.66355857972435, -33.47045446842549], [-70.66360365377693, -33.47045616744742], [-70.66389685717307, -33.4704673675763], [-70.66440375837387, -33.47048686762224], [-70.6649113349662, -33.470506302527724], [-70.66491226306736, -33.470416926386115], [-70.66491326288367, -33.47032974240407], [-70.66491406295239, -33.47018763020008], [-70.66491626326929, -33.47004183528885]]]]}}, {"type": "Feature", "properties": {"n": 51, "nmanzanas": 14, "centro": [-70.660198, -33.462821], "color": "#57b949", "letras": "ABCDEFGHIJKLMN"}, "geometry": {"type": "MultiPolygon", "coordinates": [[[[-70.65716123352448, -33.46042014440512], [-70.6571374513805, -33.46042271699281], [-70.65708715836384, -33.46042553904585], [-70.65704907348803, -33.46042519386571], [-70.65703941725874, -33.460550810552384], [-70.65704711512419, -33.46055106609628], [-70.65713147150974, -33.460553655548495], [-70.65715194298814, -33.46055224519612], [-70.65716123352448, -33.46042014440512]]], [[[-70.65717580552513, -33.4604050148323], [-70.65717748115502, -33.46040483357426], [-70.65722890533097, -33.46039464668988], [-70.65727828436874, -33.460371871467686], [-70.65731980806301, -33.460349428899605], [-70.65735304943753, -33.460327037825365], [-70.65738527721035, -33.46030204890613], [-70.6574210272661, -33.46027224068791], [-70.65745782992079, -33.46023474551014], [-70.65749518929222, -33.46019106074249], [-70.65752724902428, -33.46014159434609], [-70.6575510495217, -33.46008730560818], [-70.65756260889404, -33.46004714168735], [-70.65756784361476, -33.460013697638324], [-70.65756656733835, -33.459978550949984], [-70.65755757090072, -33.45974324412531], [-70.65753839912207, -33.45944398464324], [-70.65751495586092, -33.45930671686729], [-70.65750176203366, -33.45922695418427], [-70.657480519078, -33.459110466990815], [-70.65744522850922, -33.458976881221965], [-70.65739884585122, -33.45883083582684], [-70.65736778248669, -33.45872085744241], [-70.6573577566994, -33.458643790531916], [-70.65735836625656, -33.45859919126653], [-70.65736141988802, -33.458560104783736], [-70.65736991249562, -33.45852173456869], [-70.6573831984745, -33.458484431627966], [-70.6574101522528, -33.458431436041316], [-70.6574459863914, -33.45837596398497], [-70.65749329207924, -33.458320672935294], [-70.65754001374295, -33.458275674196265], [-70.65757372537203, -33.4582522491972], [-70.65760897472973, -33.45823083697992], [-70.65765370497296, -33.45820720971825], [-70.65770050927524, -33.458187338064064], [-70.65774280983833, -33.45817162642634], [-70.65778426054867, -33.45815851549606], [-70.65783196130883, -33.45814651467057], [-70.65788038460282, -33.458137517440576], [-70.65792814194404, -33.458133276831], [-70.65797925212952, -33.45813084783209], [-70.6580229936562, -33.45813490737052], [-70.65806648156352, -33.45814119233615], [-70.65813526278866, -33.4581601320938], [-70.65939257528704, -33.45825662652559], [-70.65941219597819, -33.458159466372294], [-70.65942178783037, -33.458112006686584], [-70.65942767974877, -33.45808084942321], [-70.65963467950117, -33.456983850735405], [-70.6596663797654, -33.45681604933589], [-70.6596760140316, -33.456765217105925], [-70.65962457569273, -33.456733731717016], [-70.65959771223159, -33.45672615238333], [-70.65957963709289, -33.456722479360494], [-70.65937091361889, -33.45670451177307], [-70.65830490049665, -33.456610010609786], [-70.65778040310319, -33.456562792839485], [-70.65766511763624, -33.456545694994865], [-70.65716969847433, -33.45650327042428], [-70.65710838045898, -33.45651032297556], [-70.65703812037631, -33.45653178570975], [-70.6570188042839, -33.45659038876981], [-70.65698813892392, -33.45672858201538], [-70.65690099848156, -33.457374840319034], [-70.65687823041215, -33.45763857045618], [-70.6568742074644, -33.457807173997615], [-70.65687423252254, -33.457808484036846], [-70.65688290559166, -33.45792442402992], [-70.65689755611768, -33.45803983429616], [-70.65690601448789, -33.4580835192905], [-70.65692207323218, -33.45816680531379], [-70.65695507941174, -33.45829254788907], [-70.65700266908327, -33.45844631451688], [-70.65703404642358, -33.458560997191974], [-70.6570591193151, -33.458676833950754], [-70.65707486459881, -33.45877150622997], [-70.65708739873654, -33.45886646485739], [-70.65713430514575, -33.459401938023404], [-70.65715710878082, -33.459609471105765], [-70.6571833243324, -33.459947071376725], [-70.65718853604656, -33.46005160633583], [-70.65718933832002, -33.46015620273978], [-70.6571846283088, -33.46027956494865], [-70.65717580552513, -33.4604050148323]]], [[[-70.65723309466902, -33.46040755331012], [-70.65717951884498, -33.46041816642574], [-70.65717484502764, -33.460418672006945], [-70.65716551670648, -33.460551310054775], [-70.65717870940304, -33.46055040116337], [-70.65722579339456, -33.460542504477154], [-70.65726908005189, -33.46053126375065], [-70.65730865686265, -33.46051663113327], [-70.65734978147104, -33.46049508025676], [-70.65739188433686, -33.46047134774513], [-70.65742001954798, -33.46045275663389], [-70.65744738874248, -33.460435140825076], [-70.65747957594458, -33.46041166892692], [-70.65751038258641, -33.46038640946176], [-70.65757345489871, -33.46032851027288], [-70.65763081934388, -33.460267182826314], [-70.6576644556556, -33.460217566800495], [-70.65768221025608, -33.46018560851962], [-70.6577132315463, -33.46012070091559], [-70.6577328592526, -33.46004288051224], [-70.65774206436554, -33.4599639936841], [-70.65774246214615, -33.45987230525334], [-70.65774036674848, -33.45981343455705], [-70.6577267709619, -33.45941445820205], [-70.65770968785466, -33.459178591440775], [-70.65770436567219, -33.459127340794616], [-70.65769095287928, -33.45908325610029], [-70.65767915270384, -33.45904425552045], [-70.65765674861781, -33.45897057097089], [-70.65762364272453, -33.45889039886786], [-70.65757256889708, -33.45875804841913], [-70.65754978917118, -33.4586682456775], [-70.65754735405163, -33.45859113355836], [-70.6575534564485, -33.45851587066374], [-70.65757764866537, -33.45844811195466], [-70.65761133998207, -33.45839894909675], [-70.65766183551695, -33.45833279994605], [-70.6577116048581, -33.45828842482797], [-70.65776868463391, -33.45825152067451], [-70.65783736201362, -33.45821809363129], [-70.65791699263474, -33.4581947797232], [-70.65800355911688, -33.45817474864187], [-70.65809863244624, -33.45816402166653], [-70.65806371843648, -33.45815440766385], [-70.6580214063438, -33.458148292629474], [-70.65797894787049, -33.45814435216791], [-70.65792905805597, -33.458146723169], [-70.65788221539718, -33.45815088255942], [-70.65783483869117, -33.45815968532943], [-70.65778793945132, -33.45817148450394], [-70.65774719016169, -33.45818437357365], [-70.65770549072475, -33.45819986193594], [-70.65765949502703, -33.45821939028174], [-70.65761562527027, -33.45824256302008], [-70.65758107462796, -33.4582635508028], [-70.65754858625705, -33.45828612580373], [-70.65750310792077, -33.4583299270647], [-70.6574568136086, -33.458384036015026], [-70.6574218477472, -33.45843816395868], [-70.6573956015255, -33.45848976837203], [-70.65738288750438, -33.45852546543131], [-70.65737478011198, -33.45856209521626], [-70.65737183374345, -33.45859980873347], [-70.6573712433006, -33.458643009468084], [-70.6573810175133, -33.45871814255759], [-70.65741175414877, -33.45882696417316], [-70.65745817149077, -33.45897311877804], [-70.65749368092199, -33.45910753300918], [-70.65751503796633, -33.45922464581573], [-70.65752824413907, -33.45930448313271], [-70.65755180087791, -33.45944241535677], [-70.65757102909929, -33.45974255587469], [-70.65758003266164, -33.45997804905002], [-70.65758135638525, -33.46001450236168], [-70.65757579110596, -33.46005005831265], [-70.6575637504783, -33.46009189439183], [-70.65753915097572, -33.46014800565391], [-70.65750601070779, -33.46019913925751], [-70.65746777007922, -33.46024385448985], [-70.6574301727339, -33.460282159312094], [-70.65739372278964, -33.460312551093864], [-70.65736095056248, -33.460337962174634], [-70.657326791937, -33.4603609711004], [-70.65728431563124, -33.46038392853231], [-70.65723309466902, -33.46040755331012]]], [[[-70.65980367924196, -33.4582880185639], [-70.65997110112032, -33.4582591527228], [-70.66000244738775, -33.45825419287036], [-70.66003797495335, -33.45824523716823], [-70.66006067027963, -33.45823741119364], [-70.66008837478141, -33.45822552380105], [-70.66011282514738, -33.45821241840488], [-70.66014223443342, -33.45819271418323], [-70.66016913518956, -33.45816992190622], [-70.6601914952233, -33.458145804315244], [-70.66020913191149, -33.458121736569495], [-70.66022409192998, -33.4580953136797], [-70.66023826227863, -33.45805852900751], [-70.660247197639, -33.458003640365256], [-70.66029168075087, -33.457313202491655], [-70.66029787991519, -33.4572391124793], [-70.66030076476508, -33.457192159060476], [-70.66030115472836, -33.45715374767756], [-70.6602927844864, -33.45711815009686], [-70.66027930047824, -33.45708761278425], [-70.66026933172442, -33.45705709619095], [-70.66026034935258, -33.457022579660936], [-70.66025226946961, -33.45698622018756], [-70.66024672848887, -33.45694835681923], [-70.66024982259732, -33.45690390479467], [-70.66026401111928, -33.456849618275854], [-70.66028488555463, -33.456813449699766], [-70.66031338481157, -33.45677629888267], [-70.66035013094175, -33.45673814716282], [-70.66041744215104, -33.45666090333766], [-70.66041183587582, -33.456660293959914], [-70.66027720141834, -33.45664418983832], [-70.65966861428642, -33.45657169020083], [-70.65970332431556, -33.45662044758294], [-70.65970749445, -33.4566618281479], [-70.65970394137364, -33.456682833099414], [-70.659690130097, -33.45676309863461], [-70.65967961986155, -33.45681855263876], [-70.659647920367, -33.45698634996329], [-70.65944092049884, -33.45808334926459], [-70.65943501216962, -33.45811459331342], [-70.65942540391299, -33.45816213416654], [-70.65940611275398, -33.45825766250201], [-70.65980367924196, -33.4582880185639]]], [[[-70.6639323390972, -33.45846088975403], [-70.66393416724084, -33.458407050923626], [-70.66395757194663, -33.45782243337947], [-70.66399949539937, -33.4572145933427], [-70.66400221021703, -33.457195489070195], [-70.66400611246554, -33.45715663624806], [-70.66392903611269, -33.45715011369615], [-70.66250026565665, -33.45703101615884], [-70.66126882750032, -33.45693771326783], [-70.6609163964407, -33.456904300842645], [-70.66087324286593, -33.456899329232655], [-70.66084000884756, -33.45689863271131], [-70.6607976924607, -33.456895857866265], [-70.66074499095134, -33.456900764896936], [-70.6606962570622, -33.45691226059257], [-70.66067128435715, -33.45692156414934], [-70.66064909422089, -33.456930907364615], [-70.66061885691926, -33.456949560245484], [-70.66058380829537, -33.45697325508981], [-70.66055292263158, -33.457000035697014], [-70.66053030208558, -33.45702710301702], [-70.66051527579917, -33.45705482893904], [-70.66050089599749, -33.45708867527497], [-70.66048960495834, -33.45713218471031], [-70.6604501329527, -33.45817774317876], [-70.66044843338351, -33.458227030685535], [-70.66044655630415, -33.45828218106455], [-70.66052871188727, -33.458287275266436], [-70.66076840486632, -33.458301774841715], [-70.66083851689996, -33.4583059755627], [-70.66102423030406, -33.45831787642166], [-70.66160462959802, -33.45835497637653], [-70.66207292929089, -33.458384876356924], [-70.66306392925935, -33.458448176354906], [-70.6635871948477, -33.45848157415856], [-70.66368606053292, -33.45848687231965], [-70.66379501740396, -33.45849275918291], [-70.66384136653048, -33.458491871646444], [-70.66387923266157, -33.45848657038809], [-70.6638947943321, -33.45847480424696], [-70.66391532803188, -33.45846512255432], [-70.6639323390972, -33.45846088975403]]], [[[-70.65756306184058, -33.45869316823375], [-70.657579, -33.458756], [-70.6576299, -33.4588879], [-70.6576631, -33.4589683], [-70.6576856, -33.4590423], [-70.6576974, -33.4590813], [-70.657711, -33.459126], [-70.6577164, -33.459178], [-70.6577335, -33.4594141], [-70.6577471, -33.4598132], [-70.6577492, -33.4598722], [-70.6577488, -33.4599644], [-70.6577395, -33.4600441], [-70.6577196, -33.460123], [-70.6576882, -33.4601887], [-70.6576702, -33.4602211], [-70.6576361, -33.4602714], [-70.6575782, -33.4603333], [-70.6575148, -33.4603915], [-70.6574837, -33.460417], [-70.6574512, -33.4604407], [-70.6574237, -33.4604584], [-70.6573954, -33.4604771], [-70.657353, -33.460501], [-70.6573114, -33.4605228], [-70.6572711, -33.4605377], [-70.6572272, -33.4605491], [-70.6571795, -33.4605571], [-70.65715825258074, -33.46055856380968], [-70.6571316, -33.4605604], [-70.6570469, -33.4605578], [-70.65703216037885, -33.4605573106929], [-70.65704283854586, -33.46041839974513], [-70.657087, -33.4604188], [-70.6571369, -33.460416], [-70.6571685195248, -33.46041257961871], [-70.6571753905643, -33.46031488130285], [-70.65701, -33.460427], [-70.657016, -33.461082], [-70.6571, -33.461118], [-70.658441, -33.461086], [-70.658852, -33.460538], [-70.659275, -33.46021], [-70.659282, -33.45987], [-70.659464, -33.459571], [-70.659695, -33.459404], [-70.660122, -33.459271], [-70.660188, -33.458861], [-70.660141, -33.458773], [-70.65756306184058, -33.45869316823375]]], [[[-70.66024756704361, -33.458838689970435], [-70.66022694955112, -33.45926576660071], [-70.66071900423987, -33.45949042187275], [-70.66088972854266, -33.459672258408254], [-70.66098686125709, -33.459899913207735], [-70.66095603098275, -33.46024501337548], [-70.66136060621199, -33.460571059260474], [-70.66156937154818, -33.46079588346869], [-70.66199215703107, -33.46147113800768], [-70.66225859083991, -33.462300488360064], [-70.66231272797403, -33.46268446099641], [-70.66232374514145, -33.46324032717085], [-70.66226663597281, -33.463727257977126], [-70.66216140819391, -33.464126121367606], [-70.66201105940765, -33.46450099100802], [-70.66179138758898, -33.464871122976476], [-70.66131801817454, -33.465358533009145], [-70.6606228516275, -33.46569967037317], [-70.66089213078084, -33.46610605502949], [-70.66103764029899, -33.46655964332057], [-70.66109677212017, -33.46719606207395], [-70.66102062526986, -33.46787937986225], [-70.66089324989315, -33.468291594664066], [-70.6606534822401, -33.46874404324785], [-70.66037080029307, -33.469027731180454], [-70.6600641017268, -33.46915160942872], [-70.66000819884654, -33.469219078422164], [-70.65978166619163, -33.470186810026846], [-70.65987275616278, -33.47024293617068], [-70.6599116874266, -33.47024396791795], [-70.65994246050376, -33.47024578078171], [-70.66297900066479, -33.47031221731033], [-70.66307041592098, -33.470250321563945], [-70.66356109805677, -33.458940647977784], [-70.66346597760729, -33.458881673299096], [-70.6603389634784, -33.45877680696773], [-70.66024756704361, -33.458838689970435]]], [[[-70.65936065689033, -33.46006020008944], [-70.65945490870591, -33.46011863621509], [-70.65972177280325, -33.460033319068735], [-70.66020572081408, -33.460007213989314], [-70.6607957685454, -33.460167683051374], [-70.6608940720435, -33.46010057200939], [-70.66088235414054, -33.459878908344834], [-70.66074182930757, -33.459625567800884], [-70.66051509344125, -33.45946021893768], [-70.66016061690564, -33.45937184803664], [-70.65989278381176, -33.459407559115824], [-70.65964777971584, -33.45951071873516], [-70.65945765312098, -33.459694903873924], [-70.65935776743919, -33.45992632218619], [-70.65936065689033, -33.46006020008944]]], [[[-70.65951738327726, -33.46017537669434], [-70.65917593258152, -33.46036252751299], [-70.65885203819575, -33.46065552735734], [-70.65855187543153, -33.46106837581047], [-70.6583513796342, -33.46152422943921], [-70.65820471395757, -33.46207996264929], [-70.65817975201, -33.46301154253322], [-70.65825756915135, -33.46348742428222], [-70.65842726997018, -33.46401948626128], [-70.65864682846906, -33.46446958118399], [-70.65891921609087, -33.46486169962858], [-70.65917240834801, -33.46512186962511], [-70.65958510774675, -33.46541693972661], [-70.66009923098724, -33.46559130322871], [-70.66045246395763, -33.465604238520584], [-70.66082590750898, -33.46553054565978], [-70.66110847972456, -33.465400204250486], [-70.66146329466397, -33.46512512300532], [-70.66174934065204, -33.464782266490005], [-70.6620237250478, -33.464243475312884], [-70.66214240552324, -33.46385153054943], [-70.6622212526223, -33.463309581501505], [-70.66220727304122, -33.462630573277316], [-70.66215440097986, -33.46227942298303], [-70.66199169135542, -33.46170345087691], [-70.66170921942317, -33.46114150141451], [-70.66147684229263, -33.46081836755057], [-70.66119966703937, -33.46053919823075], [-70.6607879489761, -33.460257076652276], [-70.6603487343928, -33.46010668798544], [-70.6599205761067, -33.4600877693635], [-70.65951738327726, -33.46017537669434]]], [[[-70.65708808491969, -33.46118869605713], [-70.65699571443308, -33.461249641532824], [-70.65697175789506, -33.46503677091673], [-70.65703610089753, -33.46508805881725], [-70.65711319761206, -33.465081477390406], [-70.65740804695363, -33.46481949976596], [-70.65769219637937, -33.464656841790806], [-70.6580903734987, -33.464518432615826], [-70.658456567157, -33.464462707493915], [-70.65849722213119, -33.464416631856515], [-70.65822749052374, -33.46373085666272], [-70.65808125963454, -33.4629315946792], [-70.65808426568908, -33.46232537367793], [-70.6582054968664, -33.46166110697911], [-70.65836937803086, -33.46125785999263], [-70.6583035427098, -33.461163809533986], [-70.65708808491969, -33.46118869605713]]], [[[-70.65815556930478, -33.464581599665365], [-70.65761826765457, -33.46477797893271], [-70.65724865533295, -33.46505892414751], [-70.65705863035718, -33.465281780663595], [-70.65696471914161, -33.465463671860064], [-70.65693376711225, -33.468244362239474], [-70.6569775143466, -33.468290901850466], [-70.65834480127124, -33.4686100351954], [-70.65852236757492, -33.468557751783756], [-70.65923302039234, -33.468159189853985], [-70.65918722707357, -33.46740061357364], [-70.6593154691237, -33.46667223880466], [-70.65946488529458, -33.4662661076019], [-70.65959653476338, -33.46604200201761], [-70.65990387976963, -33.46569995676873], [-70.65985914781972, -33.465613288615785], [-70.65954978752183, -33.46548596347709], [-70.65915067925307, -33.46521420885189], [-70.65886483695323, -33.464927363596615], [-70.65861653479908, -33.46457934170185], [-70.65852886637951, -33.46453791596513], [-70.65815556930478, -33.464581599665365]]], [[[-70.65999942763692, -33.46574991202623], [-70.65982296844878, -33.46589663090176], [-70.65960395594693, -33.466201257381606], [-70.65936853049031, -33.46679480885061], [-70.65928874892306, -33.4672804791413], [-70.6593037211778, -33.46799116216738], [-70.65940336646986, -33.468422626281914], [-70.659637340061, -33.46886468702431], [-70.65980439606162, -33.46900505360472], [-70.65999166253499, -33.4690710896769], [-70.66017684577281, -33.46904350919468], [-70.66030901422437, -33.468972493310254], [-70.66052969913812, -33.46876274323456], [-70.66075484129877, -33.468389166640584], [-70.66092440275547, -33.46787749000951], [-70.66099525372832, -33.46733562975229], [-70.66098527865675, -33.46684585373834], [-70.66083562929107, -33.466213335752734], [-70.66071835873663, -33.46598276991686], [-70.66056555263388, -33.46580416538118], [-70.66039963923208, -33.46570046950505], [-70.66020574940049, -33.465672911559444], [-70.65999942763692, -33.46574991202623]]], [[[-70.65847609559702, -33.46874527092857], [-70.65857494429089, -33.468879352820245], [-70.65901057844455, -33.46924420888486], [-70.65952710457725, -33.46946856869153], [-70.65975815441264, -33.46952090049186], [-70.65985803351431, -33.46947143655579], [-70.65991758503951, -33.469169773911815], [-70.65954471548902, -33.46888042714065], [-70.65924724055749, -33.46831432936124], [-70.6591031463978, -33.4683345025436], [-70.65848813483278, -33.468669331133924], [-70.65847609559702, -33.46874527092857]]], [[[-70.65691414791283, -33.47009528597065], [-70.65721644106597, -33.470104866923535], [-70.65753968107236, -33.47011776852032], [-70.6584228479594, -33.47015627143636], [-70.65947238386174, -33.47021907358469], [-70.65959410835536, -33.47022568305945], [-70.6596623143157, -33.470193243639294], [-70.65980079010765, -33.469685828773066], [-70.65975636271416, -33.46960359083192], [-70.65917327068807, -33.46941720073128], [-70.65888215315233, -33.46925056103841], [-70.65858225455992, -33.469002818722934], [-70.65831230008192, -33.468686045571616], [-70.65709594186312, -33.46839691124092], [-70.6569526135088, -33.46842844347888], [-70.65691414791283, -33.47009528597065]]]]}}, {"type": "Feature", "properties": {"n": 52, "nmanzanas": 7, "centro": [-70.657997, -33.471643], "color": "#7d0a3d", "letras": "ABCDEFG"}, "geometry": {"type": "MultiPolygon", "coordinates": [[[[-70.65716554796825, -33.47116382452567], [-70.65719766852803, -33.470394319016116], [-70.6572028685246, -33.47027041909325], [-70.65720918646545, -33.470118118428196], [-70.65678693487035, -33.47010473548321], [-70.6567176946691, -33.47010353478608], [-70.65664642186857, -33.47010042403484], [-70.65664183024073, -33.47020040907385], [-70.65660492642981, -33.47099409105841], [-70.65659880967898, -33.471081731061865], [-70.65659155038624, -33.47114303175612], [-70.65716554796825, -33.47116382452567]]], [[[-70.65715427710137, -33.47159095813268], [-70.65720581500786, -33.47159387537267], [-70.6572881013301, -33.471599374458606], [-70.65829441670876, -33.47165222861808], [-70.6584007848535, -33.47034725367092], [-70.65841228472469, -33.47020565525693], [-70.65841521993717, -33.47016942634874], [-70.65753911892764, -33.47013123147968], [-70.65722265273462, -33.47011860024858], [-70.65721633154425, -33.47027097924696], [-70.65721113143792, -33.47039488179967], [-70.65717872945962, -33.47117112919347], [-70.6571598247147, -33.47150811377358], [-70.65715427710137, -33.47159095813268]]], [[[-70.6583079130118, -33.4716525114334], [-70.65837237806251, -33.47165206125846], [-70.65938778910657, -33.47171287389782], [-70.65955496237471, -33.47172220405145], [-70.65955998033546, -33.47165341237143], [-70.65964778384394, -33.47043716377228], [-70.65964988634106, -33.47041313523372], [-70.65966362781302, -33.47024295238861], [-70.65947161613825, -33.470232526415316], [-70.65842868261119, -33.47017011934004], [-70.65842571533014, -33.470206744066104], [-70.65841421522398, -33.47034834537483], [-70.6583079130118, -33.4716525114334]]], [[[-70.65713998454794, -33.47160367090846], [-70.65706154791049, -33.471599528128316], [-70.65657354399698, -33.471574227925416], [-70.65653463042048, -33.4715721271925], [-70.65647283749225, -33.471568673509196], [-70.65643892058141, -33.47163622311097], [-70.6563876898057, -33.47172331542965], [-70.65626617163021, -33.471900788020385], [-70.65620991780845, -33.47198411961426], [-70.65606775101195, -33.47220306847808], [-70.65594614272267, -33.47239044046703], [-70.65593582969369, -33.47260622076551], [-70.65591942973454, -33.47295121990622], [-70.65591685126374, -33.473004656526335], [-70.65616788629609, -33.47301907374977], [-70.65629478667051, -33.473026373771276], [-70.65696849769172, -33.473065074404374], [-70.65704729784893, -33.47306986692856], [-70.65705107578654, -33.473009779730376], [-70.65709457185199, -33.47230964306305], [-70.6571009732276, -33.472164111789404], [-70.65713567648777, -33.47167846616574], [-70.65713998454794, -33.47160367090846]]], [[[-70.65829334019918, -33.471665665317644], [-70.6572872986699, -33.4716128255414], [-70.65720498499213, -33.471607324627335], [-70.65715343915451, -33.47160440693841], [-70.65714912351223, -33.47167933383426], [-70.6571144267724, -33.47216488821059], [-70.657108028148, -33.47231035693695], [-70.65706452436986, -33.473010617752195], [-70.65706075042169, -33.473070641529034], [-70.65735556581328, -33.4730866726047], [-70.65774827172764, -33.47310837292891], [-70.65817401788215, -33.47313191059509], [-70.65828028491158, -33.47182745295847], [-70.65828968418516, -33.47171206187635], [-70.65829334019918, -33.471665665317644]]], [[[-70.65955397253637, -33.471735644444735], [-70.65938701089343, -33.47172632610218], [-70.6583720219375, -33.47166553874154], [-70.6583068307374, -33.47166599398735], [-70.65830311581483, -33.47171313812364], [-70.65829371509317, -33.471828546983325], [-70.65818747512719, -33.473132672408326], [-70.65826698924077, -33.47313727391953], [-70.65927349359286, -33.47319617417279], [-70.65944586955449, -33.47320628561182], [-70.65945088072763, -33.47313840699394], [-70.65945368050575, -33.47310001003688], [-70.65952298075854, -33.4721576065816], [-70.6595500807041, -33.471788007324356], [-70.65955397253637, -33.471735644444735]]], [[[-70.65647858063737, -33.471555498803184], [-70.65653536957953, -33.471558672807504], [-70.65657425600301, -33.47156077207458], [-70.65706224882364, -33.471586071702376], [-70.65714082157268, -33.471590221668336], [-70.65714637528531, -33.47150728622641], [-70.65716488831445, -33.47117728413559], [-70.65658965744196, -33.47115644669073], [-70.65657421342678, -33.47124769821944], [-70.65655654198191, -33.47132671769161], [-70.65653886882657, -33.47139188745199], [-70.65651864815109, -33.47145657349342], [-70.65647858063737, -33.471555498803184]]]]}}, {"type": "Feature", "properties": {"n": 53, "nmanzanas": 7, "centro": [-70.66222, -33.471959], "color": "#7aaede", "letras": "ABCDEFG"}, "geometry": {"type": "MultiPolygon", "coordinates": [[[[-70.66341233120485, -33.471613195290935], [-70.66339148087079, -33.471999221523035], [-70.66390365146971, -33.47204128527379], [-70.66407225324791, -33.47205518542006], [-70.66444625243784, -33.472085985353345], [-70.66477355186453, -33.47211288530623], [-70.66480274986935, -33.472115285142245], [-70.66488626648825, -33.47212209906705], [-70.66489106345493, -33.47178699668063], [-70.66489186355493, -33.47173809056785], [-70.6649009635133, -33.47117409314762], [-70.6649111608522, -33.47051978040254], [-70.66440324221908, -33.470500332400455], [-70.6638963419073, -33.47048083238857], [-70.66360314453755, -33.47046963248904], [-70.66355802027566, -33.47046793157452], [-70.66345491713605, -33.47046324908403], [-70.66346111976108, -33.47047216818717], [-70.66347210801202, -33.470494461657786], [-70.663481098478, -33.47053579713362], [-70.66348254078693, -33.47056258287085], [-70.66348213023815, -33.47058413668158], [-70.66347167690424, -33.470678317199706], [-70.66346560884513, -33.470715332360264], [-70.66345428829611, -33.47076253500661], [-70.66343950124572, -33.4708077833808], [-70.66341233120485, -33.471613195290935]]], [[[-70.6633106951736, -33.47341930091839], [-70.66331407034225, -33.47334887848062], [-70.66331567024268, -33.47331528057163], [-70.66336397019528, -33.4722944815737], [-70.66337767126306, -33.47200505901776], [-70.66339851162881, -33.471619217340674], [-70.66213510019215, -33.4715421254689], [-70.66139731119813, -33.47149942610587], [-70.6611652116752, -33.47148602613341], [-70.660936502921, -33.47147276765511], [-70.66090429321017, -33.47146082078054], [-70.66089963011785, -33.47142794597973], [-70.66096459011297, -33.470477868516454], [-70.66098345793914, -33.47032060470641], [-70.6599111125734, -33.47025743208205], [-70.65985448034927, -33.470255931228046], [-70.65967707978898, -33.4702437765404], [-70.65966331365895, -33.47041426476628], [-70.65966121615607, -33.470438236227714], [-70.65957341984567, -33.47165438511959], [-70.65956791914415, -33.471729794762624], [-70.65956351905018, -33.47178899602708], [-70.6595364192959, -33.47215859267565], [-70.6594671193429, -33.47310099203867], [-70.65946431949425, -33.47313938996312], [-70.65945932436009, -33.473207051363396], [-70.65963717129718, -33.47321687290513], [-70.66289236917778, -33.47339637278826], [-70.66302236741451, -33.473403472691956], [-70.6633106951736, -33.47341930091839]]], [[[-70.66099693061972, -33.47032142669635], [-70.66097800988703, -33.47047913148354], [-70.66091316988215, -33.47142745402027], [-70.66091650678985, -33.47145097921946], [-70.66093929707898, -33.47145943234489], [-70.66116598914853, -33.47147257391414], [-70.6613980883248, -33.471485973866585], [-70.66212935104315, -33.471528295522894], [-70.66221308845503, -33.47055851100063], [-70.66222786366104, -33.470392817618894], [-70.66187743719253, -33.47037722785715], [-70.66099693061972, -33.47032142669635]]], [[[-70.66339909991592, -33.471605753507845], [-70.66342604008213, -33.470807155859895], [-70.66341686714394, -33.47076138980265], [-70.66340969641276, -33.47071614349876], [-70.66340666124351, -33.470668592514265], [-70.66340736583632, -33.47056219900151], [-70.66341147925674, -33.47053340505866], [-70.66342183882666, -33.470491865214534], [-70.66343223408835, -33.470462242626695], [-70.66333845755673, -33.470458228845196], [-70.66224132999682, -33.47039351064643], [-70.66222651154497, -33.47055968899937], [-70.66214280673215, -33.47152909598345], [-70.66339909991592, -33.471605753507845]]], [[[-70.66339079998164, -33.47201268563777], [-70.66337742979725, -33.47229511858404], [-70.66332912980472, -33.4733159184263], [-70.66332752970807, -33.47334952046229], [-70.66332414995937, -33.47342003846933], [-70.66401579874189, -33.47345789672656], [-70.66401836650586, -33.47338187257197], [-70.66403576652175, -33.47286777210169], [-70.6640541673534, -33.472324047527465], [-70.66406470246685, -33.472068083289514], [-70.66390254749201, -33.47205471464094], [-70.66339079998164, -33.47201268563777]]], [[[-70.66488609003981, -33.47213560411165], [-70.66480165213717, -33.47212871502146], [-70.6647724481122, -33.472126314691856], [-70.66444514813547, -33.472099414693766], [-70.66407814296187, -33.47206919073839], [-70.66406763264659, -33.47232455247253], [-70.664049233479, -33.47286822787569], [-70.66403183348693, -33.47338232764163], [-70.66402925619641, -33.473458633850036], [-70.66465206219304, -33.47349277240562], [-70.6647674556364, -33.47349887205904], [-70.66479574952498, -33.473500371735035], [-70.66486165974224, -33.47350372617525], [-70.66486566884912, -33.473410211426234], [-70.66486866645894, -33.47334186584767], [-70.6648748636728, -33.47310067428259], [-70.66488609003981, -33.47213560411165]]], [[[-70.66344359327489, -33.47047056661639], [-70.66343476117335, -33.470495734785466], [-70.66342472074327, -33.47053599494134], [-70.66342083416367, -33.47056320099849], [-70.66342013875648, -33.47066820748574], [-70.66342310358725, -33.470714656501244], [-70.66343013285605, -33.470759010197355], [-70.66343436456482, -33.47078012323895], [-70.66344131170389, -33.47075886499339], [-70.66345239115488, -33.47071266763974], [-70.66345832309577, -33.47067648280029], [-70.66346866976184, -33.47058326331842], [-70.66346905921307, -33.47056281712916], [-70.663467701522, -33.47053760286637], [-70.66345929198799, -33.47049893834221], [-70.66344948023891, -33.47047903181283], [-70.66344359327489, -33.47047056661639]]]]}}, {"type": "Feature", "properties": {"n": 54, "nmanzanas": 8, "centro": [-70.665617, -33.471979], "color": "#fdeabb", "letras": "ABCDEFGH"}, "geometry": {"type": "MultiPolygon", "coordinates": [[[[-70.6670473912505, -33.471206114170684], [-70.66752134845154, -33.47069173120839], [-70.66756025135824, -33.470649628062574], [-70.66764341362592, -33.470559602456625], [-70.66745217798169, -33.47055533628804], [-70.66504550622894, -33.47052183668122], [-70.66492463168349, -33.47052013155453], [-70.66491454117993, -33.47116758920566], [-70.6657113253822, -33.47118246383296], [-70.66652481763126, -33.47119756368909], [-70.6670473912505, -33.471206114170684]]], [[[-70.66914307062724, -33.47058374489659], [-70.66895900939505, -33.470581236724655], [-70.66874051085895, -33.47057833674408], [-70.66851301116375, -33.470575336748105], [-70.66830191126233, -33.47057253674944], [-70.66797311311765, -33.4705682367737], [-70.6678030888431, -33.47056607461529], [-70.66773872139682, -33.470634901252126], [-70.66714337601526, -33.47127184281754], [-70.66682075139553, -33.47163367042887], [-70.6666812249447, -33.4717796981122], [-70.66660568579182, -33.471862502436366], [-70.66665265846213, -33.471891142247934], [-70.66738387672683, -33.47188326252581], [-70.66787522605503, -33.471885162716575], [-70.66836662654468, -33.47188716271842], [-70.66857661393949, -33.4718879626704], [-70.66888113588884, -33.47188806267761], [-70.66912624940122, -33.471890593635244], [-70.66914216322016, -33.470649713603336], [-70.66914307062724, -33.47058374489659]]], [[[-70.67166239986713, -33.47061735581867], [-70.6715804109848, -33.47061633674781], [-70.67060160645816, -33.470602636684454], [-70.67040551405323, -33.47059993678903], [-70.67035055526597, -33.470599291164504], [-70.6703736484773, -33.47063224869457], [-70.67038493444119, -33.47065976494942], [-70.67038583731782, -33.47107418532175], [-70.6703867373881, -33.47148401732301], [-70.67038378640807, -33.471886137536664], [-70.67044017473603, -33.47188676308072], [-70.6705247793633, -33.47188776313363], [-70.6715480556168, -33.47189976402793], [-70.67165724420994, -33.47190352915183], [-70.67166686227519, -33.47108599360628], [-70.67166346261752, -33.470741428304635], [-70.67166356256345, -33.47067316524138], [-70.67166239986713, -33.47061735581867]]], [[[-70.66648704007368, -33.47181130781823], [-70.66653862604196, -33.471759246841046], [-70.66703517605086, -33.47121939077374], [-70.66652458236874, -33.471211036310905], [-70.6657110749647, -33.47119593617347], [-70.66491432749032, -33.471181062231864], [-70.66490533645702, -33.47173830869106], [-70.66490464728184, -33.47178043453422], [-70.66520117107903, -33.47178356304114], [-70.66631056321246, -33.471795262958175], [-70.66638387679555, -33.47179586553557], [-70.66644809187481, -33.47180253985877], [-70.66648704007368, -33.47181130781823]]], [[[-70.66498319837811, -33.47341007768732], [-70.66501919366284, -33.473371882690735], [-70.66601469043248, -33.47231258612813], [-70.66626879638855, -33.47204227979222], [-70.66647617968988, -33.471822674829966], [-70.6664459081252, -33.471815860141234], [-70.66638312320444, -33.471809334464425], [-70.66631043678753, -33.47180873704182], [-70.6652010289504, -33.471797036959174], [-70.66490444057133, -33.471793907770866], [-70.66489963677287, -33.472129487405795], [-70.66488833632721, -33.473100925717404], [-70.66488213354106, -33.473342334152335], [-70.66487913100853, -33.47341079189382], [-70.6648753633158, -33.47349867551746], [-70.66490702007634, -33.47347994898305], [-70.66493845014597, -33.47345749893332], [-70.66498319837811, -33.47341007768732]]], [[[-70.67033396419568, -33.47059909455724], [-70.66983091383882, -33.470592936783866], [-70.66941861013329, -33.470587436734434], [-70.66915654406576, -33.470583926921044], [-70.66915563673975, -33.47064988952255], [-70.66913972376025, -33.47189070409887], [-70.66937919964506, -33.471892162539085], [-70.67033146432475, -33.47188626275791], [-70.67037031171178, -33.47188609200017], [-70.67037326261189, -33.471483982676986], [-70.67037236268244, -33.471074214796445], [-70.67037146555882, -33.470662435050585], [-70.6703617515227, -33.47063875130543], [-70.67033396419568, -33.47059909455724]]], [[[-70.66705149314319, -33.471221554992006], [-70.66654837395805, -33.47176855315895], [-70.666500963313, -33.47181640036612], [-70.66659344753705, -33.47185592428451], [-70.66667137505532, -33.471770501887804], [-70.66681084860446, -33.47162452957113], [-70.66712802518349, -33.47126881200668], [-70.66705149314319, -33.471221554992006]]], [[[-70.66753125154847, -33.47070086879161], [-70.66706078931047, -33.471211458691066], [-70.66713724537695, -33.47125866879341], [-70.66772887797828, -33.47062569941644], [-70.66778526541412, -33.47056540562172], [-70.66773201251145, -33.47056313119731], [-70.66766132916082, -33.470560066338], [-70.66757014892504, -33.47065877163076], [-70.66753125154847, -33.47070086879161]]]]}}, {"type": "Feature", "properties": {"n": 55, "nmanzanas": 12, "centro": [-70.667546, -33.472796], "color": "#64bd57", "letras": "ABCDEFGHIJKL"}, "geometry": {"type": "MultiPolygon", "coordinates": [[[[-70.66733559947001, -33.473467562165844], [-70.66731096674661, -33.47343826919748], [-70.66729029079738, -33.47339857137497], [-70.66728071978838, -33.47336351235284], [-70.66727845830593, -33.47332794540161], [-70.66728786346764, -33.472866292038816], [-70.66728916248347, -33.472755076298334], [-70.66728886525514, -33.47269107313257], [-70.66728058569574, -33.472641395776044], [-70.66727001372357, -33.472594507121705], [-70.66723202148619, -33.472520006718746], [-70.66723044180505, -33.47251702287657], [-70.6671623100734, -33.472419791148745], [-70.66706429872815, -33.47231001445383], [-70.66693181762598, -33.472164844739304], [-70.66682551947336, -33.47205764829244], [-70.66675196849599, -33.47198967841905], [-70.66668012942884, -33.47193051096513], [-70.66664689924364, -33.4719034125403], [-70.66659638509385, -33.47187261344536], [-70.66611932326197, -33.472384899268576], [-70.6651694709416, -33.473398455097886], [-70.66513492495375, -33.47343390228543], [-70.6650588614396, -33.47351189812956], [-70.66514433220694, -33.47351546649161], [-70.66539047370915, -33.473522167621496], [-70.66544809328256, -33.473525284910814], [-70.66549410168368, -33.473530935065334], [-70.6655444148153, -33.47353989080276], [-70.66559023348215, -33.47354997290593], [-70.66563355950463, -33.473556585305715], [-70.66567166934216, -33.47355827686508], [-70.6657271950291, -33.47356356978128], [-70.66592944968157, -33.473568064329115], [-70.66634136327689, -33.47357736463564], [-70.66666176718607, -33.473585664736916], [-70.66727002347666, -33.47360010464235], [-70.66727118546787, -33.47355085409225], [-70.66727973267578, -33.4735217302727], [-70.66729140619877, -33.47349998967483], [-70.667310132344, -33.473480614067924], [-70.66733559947001, -33.473467562165844]]], [[[-70.66724696555079, -33.47251965067408], [-70.66728278627644, -33.4725898928783], [-70.66729381430427, -33.472638804223955], [-70.66730132570571, -33.4726838726325], [-70.66785517468456, -33.47269463267978], [-70.66785876357696, -33.47247638922327], [-70.66786126361052, -33.47232708720045], [-70.66786786350218, -33.47193219368299], [-70.66786836225577, -33.47189861094065], [-70.66739067799588, -33.471896763596675], [-70.66739363783603, -33.472390563595695], [-70.66739309941661, -33.47241220805613], [-70.66738198910706, -33.4724354286031], [-70.66736498603369, -33.47245264827613], [-70.66734577130727, -33.472465179619455], [-70.66724696555079, -33.47251965067408]]], [[[-70.6688677491249, -33.47248828790671], [-70.66886896308274, -33.47237912508133], [-70.66887428716598, -33.47190153509679], [-70.6685765860605, -33.4719014373296], [-70.66837325226945, -33.47190066272468], [-70.66837283679412, -33.47193348527587], [-70.66836893678273, -33.47223838617072], [-70.66836592368855, -33.47247331031918], [-70.66878772671755, -33.47247626619184], [-70.6688677491249, -33.47248828790671]]], [[[-70.66936435492202, -33.47249833976667], [-70.6693672632835, -33.47228350879896], [-70.66937196323903, -33.471938912057034], [-70.66937237865226, -33.47190559591583], [-70.66913284470232, -33.47190413712198], [-70.66888776187506, -33.47190160648119], [-70.66888243691521, -33.47237927510186], [-70.66888121129827, -33.47248948634948], [-70.66936435492202, -33.47249833976667]]], [[[-70.66724046579029, -33.472507847292256], [-70.66733882869273, -33.47245362038054], [-70.66735641396632, -33.47244215172387], [-70.66737081089293, -33.4724275713969], [-70.66737970058338, -33.47240899194388], [-70.66738016216397, -33.47239043640431], [-70.66737720336369, -33.47189680988899], [-70.66666947618202, -33.47190443646754], [-70.66668867057115, -33.471920089034874], [-70.666760831504, -33.47197952158095], [-70.66683488052665, -33.47204795170756], [-70.66694158237401, -33.47215555526069], [-70.66707430127184, -33.47230098554616], [-70.6671728899266, -33.47241140885125], [-70.66724046579029, -33.472507847292256]]], [[[-70.669355850031, -33.47312536056685], [-70.66935636327577, -33.47308720937143], [-70.66936417229233, -33.472511813349826], [-70.66888106339356, -33.47250296056895], [-70.66887873693835, -33.472717672996176], [-70.66887703691229, -33.472868175367466], [-70.66887363692094, -33.47317527458655], [-70.66887307054012, -33.47322463067822], [-70.6689632065292, -33.47317415452433], [-70.66900437787667, -33.473156306846604], [-70.66904234469663, -33.473143481593745], [-70.66908261994365, -33.47313530387862], [-70.66913719268524, -33.47313196887774], [-70.669355850031, -33.47312536056685]]], [[[-70.66835307129672, -33.47347816817863], [-70.66885951087109, -33.473231960631715], [-70.66886016309427, -33.47317512403972], [-70.66886356307906, -33.47286802541345], [-70.66886518550454, -33.47272439302382], [-70.66836265373358, -33.4727284833987], [-70.66835953680004, -33.4729760848063], [-70.66835353679768, -33.473440385016765], [-70.66835307129672, -33.47347816817863]]], [[[-70.66886533468575, -33.47271091669557], [-70.66886759952068, -33.47250189130496], [-70.66878667328244, -33.47248973380815], [-70.66836575091176, -33.47248678410689], [-70.66836282497863, -33.47271500689086], [-70.66886533468575, -33.47271091669557]]], [[[-70.66785597340142, -33.47344715642099], [-70.66800746225988, -33.47345148742393], [-70.66808194204373, -33.47347099645326], [-70.66813882072924, -33.473494339139606], [-70.66818803001674, -33.47352810018924], [-70.66820944503009, -33.47354960296904], [-70.66828619571548, -33.47351136958198], [-70.6683395138503, -33.47348480405516], [-70.66834006317745, -33.47344021700013], [-70.66834606321376, -33.4729759140961], [-70.66834917794232, -33.47272848784722], [-70.66786812729529, -33.4727249857596], [-70.6678634364336, -33.473011910132435], [-70.66785683617093, -33.47340522582269], [-70.66785597340142, -33.47344715642099]]], [[[-70.66730236931103, -33.47269737011773], [-70.66730263751653, -33.47275512370167], [-70.66730133653238, -33.472866507961186], [-70.66729194169406, -33.47332765459839], [-70.66729408021163, -33.47336128764716], [-70.66730290920262, -33.47339362862503], [-70.6673222332534, -33.47343073080253], [-70.6673483783077, -33.47346182221846], [-70.66739091185126, -33.4734471554793], [-70.6674447106687, -33.473437763655376], [-70.66750438513502, -33.47343766251221], [-70.6678425035797, -33.47344678229625], [-70.66784336382906, -33.47340497417731], [-70.66784996359003, -33.47301168842178], [-70.66785476365528, -33.4727180844309], [-70.66785494291953, -33.47270810538741], [-70.66730236931103, -33.47269737011773]]], [[[-70.667868536339, -33.472701615887374], [-70.667868358557, -33.472711512418506], [-70.66834934911164, -33.47271501406865], [-70.66835227635458, -33.47248668911834], [-70.66787212667752, -33.472483284491375], [-70.667868536339, -33.472701615887374]]], [[[-70.66788183761533, -33.47189866440474], [-70.66788133649783, -33.47193240631701], [-70.66787473639305, -33.47232731258596], [-70.66787235028313, -33.47246981107054], [-70.66835244913091, -33.47247321533708], [-70.6683554632182, -33.47223821375684], [-70.66835936321056, -33.47193331435532], [-70.66835977719452, -33.47190060962077], [-70.66788183761533, -33.47189866440474]]]]}}, {"type": "Feature", "properties": {"n": 56, "nmanzanas": 11, "centro": [-70.668259, -33.474441], "color": "#ce6a2e", "letras": "ABCDEFGHIJK"}, "geometry": {"type": "MultiPolygon", "coordinates": [[[[-70.66936913478588, -33.473138704662205], [-70.66936853664868, -33.47317809626986], [-70.66936683672935, -33.473304990247755], [-70.66935283674297, -33.474336389251846], [-70.66935242452192, -33.474368295161504], [-70.67034465134033, -33.47437303085677], [-70.67035006325185, -33.47396261116731], [-70.67035556324261, -33.47354941185658], [-70.67035736322298, -33.473409413384296], [-70.6703607747506, -33.473148675189556], [-70.67030193479148, -33.4731481370192], [-70.67017463157428, -33.473146836986345], [-70.66936913478588, -33.473138704662205]]], [[[-70.66912058783346, -33.47432226109462], [-70.66915517715661, -33.47433950648366], [-70.66919188900295, -33.474353052565995], [-70.66923034597203, -33.47436266680827], [-70.66927830148784, -33.47436875951725], [-70.66933894851725, -33.47436831160713], [-70.66933936322843, -33.4743362129616], [-70.66935336327856, -33.473304809162286], [-70.66935506335133, -33.47317790373013], [-70.66935565640001, -33.47313884723879], [-70.66913780731477, -33.47314543112226], [-70.66908438005635, -33.473148696121385], [-70.66904585530335, -33.47315651840625], [-70.66900922212334, -33.4731688931534], [-70.6689691934708, -33.473186245475674], [-70.66887289335726, -33.47324017353926], [-70.66887253691661, -33.47327207497821], [-70.66887193696918, -33.47332627022807], [-70.668871536966, -33.473367170553274], [-70.66886503691396, -33.4739493752146], [-70.66886362944972, -33.474074136869405], [-70.66884489718159, -33.474163401861446], [-70.66912058783346, -33.47432226109462]]], [[[-70.67162794249613, -33.47437923166431], [-70.67163526313676, -33.47376222037224], [-70.67163956312866, -33.47339712105963], [-70.67164156312641, -33.47322602125221], [-70.67164237765212, -33.47316167347172], [-70.6715853366423, -33.473161137035895], [-70.67154513296516, -33.47316073700031], [-70.67037424886739, -33.47314880543701], [-70.67037083676772, -33.47340958734007], [-70.67036903677702, -33.473549586615704], [-70.67036353674182, -33.47396278931235], [-70.6703581263625, -33.47437309280538], [-70.67039652981092, -33.474373262732136], [-70.6705347333397, -33.47437396274863], [-70.67154853192288, -33.47437886274178], [-70.67162794249613, -33.47437923166431]]], [[[-70.66734884781077, -33.47347591360276], [-70.66731826765601, -33.47349158593208], [-70.66730239380122, -33.47350801032517], [-70.66729226732423, -33.4735268697273], [-70.66728461453214, -33.47355294590774], [-70.66728333549736, -33.473607157304905], [-70.66728103558849, -33.47370665336243], [-70.66727904651026, -33.47379536625104], [-70.66728270427878, -33.4738253787106], [-70.66729362280591, -33.47384262814843], [-70.66730586943476, -33.47385845456107], [-70.66732618877667, -33.47387367044037], [-70.66736221047272, -33.473892259176566], [-70.66740504169758, -33.473900265914544], [-70.66792317839683, -33.47390296246252], [-70.66803426250534, -33.47390167194115], [-70.66809103003726, -33.4738880165211], [-70.66814869561003, -33.47386035659383], [-70.66819217031812, -33.47382565480889], [-70.6682157771229, -33.47379750079172], [-70.66823318654626, -33.47376790477199], [-70.66824566801068, -33.47373401279556], [-70.66825099029026, -33.473673919420676], [-70.66823701297638, -33.47361694981723], [-70.668202786273, -33.47356201206889], [-70.66817936998326, -33.47353849981076], [-70.66813237927076, -33.47350626086039], [-70.66807765795627, -33.47348380354674], [-70.66800553774013, -33.47346491257608], [-70.66784891290185, -33.47346043473762], [-70.66750421486499, -33.473451137487785], [-70.66744588933129, -33.47345123634462], [-70.66739428814874, -33.4734602445207], [-70.66734884781077, -33.47347591360276]]], [[[-70.66882858049175, -33.47416947510562], [-70.66827891777844, -33.47384486802119], [-70.66822271977756, -33.47381019265895], [-70.66820162968187, -33.473835345191105], [-70.66815590438998, -33.47387184340617], [-70.66809556996273, -33.473900783478896], [-70.66803593749465, -33.47391512805885], [-70.66792975201808, -33.473916361670284], [-70.66792763465254, -33.47399139005768], [-70.66792373451585, -33.47412619484133], [-70.66788743450515, -33.47537849521085], [-70.66788283446313, -33.475534796661144], [-70.66787593192855, -33.47577307993231], [-70.66853066701049, -33.47578424853913], [-70.66853116337947, -33.47575190182782], [-70.6685352633027, -33.475454807390506], [-70.66854506541262, -33.474738753259246], [-70.66854859882056, -33.47467949296], [-70.66855935088522, -33.47462045803904], [-70.66858062510242, -33.4745543053541], [-70.66861093056976, -33.474490865909154], [-70.66864598133775, -33.47442982922696], [-70.66868584725522, -33.474370936394344], [-70.66874571819646, -33.47429411706268], [-70.66879692346842, -33.474230483326664], [-70.66880681218868, -33.47421332348858], [-70.66881538339018, -33.47419736332024], [-70.66882858049175, -33.47416947510562]]], [[[-70.66726741329971, -33.47371308622409], [-70.66665203782205, -33.47369943539369], [-70.66642874122458, -33.473693635482064], [-70.6657156012286, -33.47367853675248], [-70.66567904288283, -33.47367823872249], [-70.66564605728324, -33.47367990763676], [-70.66561678610378, -33.473685061698255], [-70.66558123541401, -33.473696060806695], [-70.6654735014597, -33.473738574205555], [-70.66544392917895, -33.47374737426142], [-70.66541296569316, -33.47375262056632], [-70.6653717553736, -33.473753841612826], [-70.66502641150238, -33.47373903115414], [-70.66499830419892, -33.47373782655542], [-70.66490113785663, -33.47373055306723], [-70.66490033659072, -33.47378860033036], [-70.66488903690843, -33.47449558045223], [-70.66488363667415, -33.475179010101364], [-70.66487252590807, -33.475627244430875], [-70.66486638922873, -33.475671837634], [-70.6648582596453, -33.47569622638431], [-70.66485080719137, -33.475716532611976], [-70.6649543263479, -33.47571205956201], [-70.6649920436971, -33.47571286419878], [-70.66578994216749, -33.47573006416564], [-70.66776023761314, -33.47577076407156], [-70.66786245887329, -33.47577282914752], [-70.66786936549117, -33.47553440491631], [-70.6678739655385, -33.475378103283184], [-70.66791026548948, -33.474125804974605], [-70.66791416541516, -33.47399100754338], [-70.66791627086563, -33.47391640136363], [-70.66740375830241, -33.47391373408545], [-70.66735778952729, -33.47390514082343], [-70.66731901122334, -33.47388512955963], [-70.66729633056525, -33.47386814543893], [-70.66728257719407, -33.47385037185157], [-70.66726969572123, -33.4738300212894], [-70.66726555348973, -33.473796033748954], [-70.66726741329971, -33.47371308622409]]], [[[-70.668230451718, -33.47379913017874], [-70.66828588222155, -33.47383333197881], [-70.66883263589891, -33.4741562211121], [-70.66885017055027, -33.4740726631306], [-70.66885156309, -33.47394922443051], [-70.668858063034, -33.47336702944672], [-70.66885846303082, -33.473326129771934], [-70.66885906307898, -33.47327192542154], [-70.66885934128808, -33.473247025703216], [-70.66834917521169, -33.47349504490343], [-70.66829220456076, -33.47352343028039], [-70.66821773654947, -33.47356052655238], [-70.66824958702362, -33.473611650182775], [-70.66826460970975, -33.47367288057933], [-70.66825893198933, -33.47373698720443], [-70.66824541345373, -33.473773695228004], [-70.668230451718, -33.47379913017874]]], [[[-70.66910802674875, -33.47433057472675], [-70.66884026539283, -33.474176284534515], [-70.66882741660982, -33.47420343667976], [-70.66881858781133, -33.47421987651142], [-70.66880807653158, -33.474238116673334], [-70.66875628180354, -33.47430248293732], [-70.6686967527448, -33.47437886360566], [-70.66865741866225, -33.47443697077304], [-70.66862286943025, -33.474497134090846], [-70.66859317489757, -33.47455929464591], [-70.66857244911479, -33.474623741960954], [-70.66856200117942, -33.474681107040006], [-70.66855853458739, -33.474739246740754], [-70.66854873670265, -33.47545499221915], [-70.66854463662054, -33.47575209817218], [-70.66854413997791, -33.475784462716135], [-70.66869349843729, -33.4757866633853], [-70.66879009763227, -33.475788063373635], [-70.66891359555679, -33.47578995896478], [-70.66891376273963, -33.47575526852451], [-70.66891436273526, -33.47562276949163], [-70.66891796379464, -33.47484394036546], [-70.66892401008262, -33.47476060236284], [-70.66894025667493, -33.474678057564596], [-70.6689580424781, -33.47462005159287], [-70.66898085415443, -33.47456332521193], [-70.66900853050807, -33.47450827442853], [-70.66908466904009, -33.47436852014935], [-70.66910802674875, -33.47433057472675]]], [[[-70.66933876190065, -33.47438178802051], [-70.66927749851216, -33.474382240482754], [-70.66922785402797, -33.47437593319173], [-70.66918791099707, -33.474365947434], [-70.66914982284338, -33.47435189351634], [-70.66911990772117, -33.47433697856936], [-70.6690963309599, -33.474375279850655], [-70.66902046949194, -33.474514525571465], [-70.66899314584558, -33.47456887478806], [-70.66897075752189, -33.47462454840713], [-70.66895334332507, -33.47468134243541], [-70.66893738991739, -33.47476239763716], [-70.66893143620537, -33.47484445963454], [-70.66892783726334, -33.47562283081802], [-70.66892723726474, -33.47575533050837], [-70.66892706934692, -33.47579017351391], [-70.66931945600034, -33.47579665205156], [-70.66932016329592, -33.47574510788571], [-70.66933706327285, -33.47450570957694], [-70.66933816332171, -33.47442240587657], [-70.66933876190065, -33.47438178802051]]], [[[-70.6693522383103, -33.474381769093846], [-70.66935163667829, -33.47442259412344], [-70.66935053674645, -33.47450588896064], [-70.66933363670756, -33.475745291859255], [-70.6693329299758, -33.475796794938276], [-70.66947393126436, -33.4757974627387], [-70.67032565546222, -33.47580133240828], [-70.67032626327723, -33.47575730923576], [-70.67033186324822, -33.475331311441764], [-70.6703382632656, -33.47485351012967], [-70.67034447291822, -33.474386504826285], [-70.6693522383103, -33.474381769093846]]], [[[-70.67160658853331, -33.475839618887335], [-70.67161906350704, -33.47505389355886], [-70.67162146349818, -33.47490119412178], [-70.67162256330543, -33.47483240616259], [-70.67162778259382, -33.47439270573449], [-70.6715484687003, -33.47439233726111], [-70.67053466743683, -33.47438743725512], [-70.67039646803319, -33.474386737258314], [-70.67035794795272, -33.47438656681549], [-70.6703517367383, -33.474853689576726], [-70.67034533674126, -33.47533148935765], [-70.67033973675177, -33.47575748855824], [-70.67033912866643, -33.47580153141663], [-70.67045236852108, -33.47580436477413], [-70.67129963727348, -33.475825563992295], [-70.67154793103606, -33.47582947176338], [-70.67160658853331, -33.475839618887335]]]]}}, {"type": "Feature", "properties": {"n": 57, "nmanzanas": 9, "centro": [-70.672279, -33.47393], "color": "#7fa1c5", "letras": "ABCDEFGHI"}, "geometry": {"type": "MultiPolygon", "coordinates": [[[[-70.67290240414259, -33.47486358323846], [-70.6727661706229, -33.47486093609165], [-70.67228157211659, -33.47485173612001], [-70.67174787126052, -33.474841536103696], [-70.6716359284022, -33.47483936703423], [-70.67163493648738, -33.47490140679689], [-70.67163253650182, -33.47505410587822], [-70.67162002763966, -33.475841965645756], [-70.67180781004474, -33.475875176907], [-70.6718363168905, -33.47585507108532], [-70.67190914043519, -33.47582452565407], [-70.67201751442225, -33.47578496213754], [-70.67220553914862, -33.47571798894952], [-70.67242786211389, -33.47563079759791], [-70.672474077068, -33.47560957442155], [-70.67252386669179, -33.47558240746414], [-70.67255848157039, -33.475556814026966], [-70.67258575660543, -33.47553129867163], [-70.6726370652368, -33.47546790576799], [-70.67270942778067, -33.47535916260634], [-70.67275208008199, -33.475290101753956], [-70.67280196511844, -33.47519959177768], [-70.67284039242678, -33.47511380057763], [-70.67286481169371, -33.47503647289904], [-70.67288960451681, -33.47493650505006], [-70.67290240414259, -33.47486358323846]]], [[[-70.6722885032347, -33.47483839060973], [-70.67276642788342, -33.474847463879996], [-70.67290441721701, -33.47485014514327], [-70.67291978029023, -33.47471855708126], [-70.67292176859924, -33.474674416621426], [-70.67292655961045, -33.47455204620995], [-70.6729191646884, -33.474232965316496], [-70.67290627347066, -33.4737355217613], [-70.67279308695568, -33.47375881657932], [-70.67234688962931, -33.47377233771042], [-70.67229926979718, -33.473772161991484], [-70.6722940369944, -33.47429346762513], [-70.6722889369936, -33.47479466771152], [-70.6722885032347, -33.47483839060973]]], [[[-70.67163611622854, -33.474825893476726], [-70.67174812962323, -33.474828063913186], [-70.67227503045005, -33.47483813396834], [-70.6722754629977, -33.47479453316466], [-70.67228056301097, -33.47429333183867], [-70.67228579513659, -33.47377209366529], [-70.67224596267761, -33.47377183723316], [-70.6717073688487, -33.4737693372618], [-70.67164865750853, -33.47376906794372], [-70.67164133685965, -33.474386079930674], [-70.67163611622854, -33.474825893476726]]], [[[-70.6693777367165, -33.47250529120104], [-70.66936983671918, -33.473087391003304], [-70.6693693276575, -33.473125231255096], [-70.67017476801689, -33.47313336300953], [-70.67030206520853, -33.473134662980804], [-70.67036091425852, -33.473135201234314], [-70.67036406286164, -33.472721848681644], [-70.67036506285748, -33.472591749219966], [-70.67036716284986, -33.47230735025311], [-70.67036846285663, -33.47213984931712], [-70.67037021319155, -33.47189956723103], [-70.67033153567526, -33.47189973724209], [-70.6693858543633, -33.47190559623583], [-70.66938543676096, -33.471939087942964], [-70.6693807367117, -33.47228369155617], [-70.6693777367165, -33.47250529120104]]], [[[-70.67164254243605, -33.473148199757944], [-70.67164806313514, -33.47268032050897], [-70.67165708529238, -33.47191700634825], [-70.67154774438319, -33.471913235972075], [-70.67052462099058, -33.471901236870515], [-70.67044002281355, -33.4719002368921], [-70.67038368789098, -33.4718996119405], [-70.67038193715506, -33.47213994907681], [-70.67038063714071, -33.47230745102452], [-70.67037853715014, -33.472591849746884], [-70.67037753713679, -33.4727219515251], [-70.67037438832487, -33.4731353314909], [-70.67154526784303, -33.47314726300773], [-70.6715854651977, -33.473147662981404], [-70.67164254243605, -33.473148199757944]]], [[[-70.67166161648089, -33.472673743624796], [-70.6717385867695, -33.47267466322203], [-70.67177478827922, -33.47267516324288], [-70.67200068286466, -33.47267796317577], [-70.67230358229209, -33.47268166316878], [-70.67291385290707, -33.47268927918756], [-70.67292397325593, -33.471929368720495], [-70.67286143373386, -33.471928737008156], [-70.67249583578597, -33.4719252370278], [-70.67209553604619, -33.47192143703027], [-70.67179793676318, -33.47191853703747], [-70.67175363916876, -33.47191813705919], [-70.6716705573784, -33.471917304394225], [-70.67166161648089, -33.472673743624796]]], [[[-70.6723101692905, -33.47269522108946], [-70.67230983699527, -33.4727283675388], [-70.67230483698937, -33.4732206681271], [-70.67229940544048, -33.47375868773264], [-70.67234671037069, -33.47375886228958], [-70.67279151304432, -33.47374538342068], [-70.67290607031079, -33.47372180648949], [-70.67290676272832, -33.47322465070118], [-70.67291367397729, -33.47270275267145], [-70.6723101692905, -33.47269522108946]]], [[[-70.67200051770791, -33.47269143683123], [-70.67177461172078, -33.47268863675711], [-70.67173841323051, -33.47268813677797], [-70.67166145736206, -33.47268721735302], [-70.67165593686487, -33.47315507949103], [-70.67165503683539, -33.47322618201543], [-70.6716530368736, -33.47339727874779], [-70.67164881678322, -33.47375559386495], [-70.67170743090487, -33.47375586273707], [-70.6722460373224, -33.473758362766844], [-70.67228593077412, -33.47375861959164], [-70.67229136300949, -33.47322053198706], [-70.67229636300944, -33.4727282319902], [-70.67229669561367, -33.472695054719146], [-70.67200051770791, -33.47269143683123]]], [[[-70.67306044366059, -33.475018874818254], [-70.67302992982364, -33.474105203357375], [-70.67292941992625, -33.47410856008105], [-70.6729326353116, -33.47423263468351], [-70.67294004038955, -33.47455215379004], [-70.67293523140076, -33.47467498337858], [-70.67293321970978, -33.47471964291874], [-70.67291706940019, -33.47485797383129], [-70.67290279548318, -33.47493929494994], [-70.67288157754578, -33.47502484840033], [-70.67306044366059, -33.475018874818254]]]]}}, {"type": "Feature", "properties": {"n": 58, "nmanzanas": 4, "centro": [-70.673811, -33.47222], "color": "#7c073b", "letras": "ABCD"}, "geometry": {"type": "MultiPolygon", "coordinates": [[[[-70.67208894850359, -33.47190789752998], [-70.6720896631906, -33.47185161592695], [-70.67210406310083, -33.47067702325002], [-70.67210416312663, -33.47066752079943], [-70.67210477520464, -33.47062039079206], [-70.67180465640428, -33.47061833719323], [-70.67177185891946, -33.47061813720857], [-70.67167588013518, -33.47061748429334], [-70.67167703743655, -33.47067303475862], [-70.67167693738247, -33.47074137169537], [-70.67168033772482, -33.47108600639372], [-70.67167071626308, -33.47190383064227], [-70.67175376417, -33.471904662970964], [-70.67179806083124, -33.47190506294081], [-70.67208894850359, -33.47190789752998]]], [[[-70.6721182498183, -33.47062048244146], [-70.67211763687338, -33.47066767920057], [-70.67211753689917, -33.47067717674999], [-70.67210313682757, -33.47185178259009], [-70.67210242261186, -33.47190802712886], [-70.67248923734418, -33.471911699114834], [-70.6724898630768, -33.471855025617565], [-70.67250356297808, -33.47068073396589], [-70.67250366297584, -33.470668134247816], [-70.67250418470749, -33.470623091415426], [-70.6721182498183, -33.47062048244146]]], [[[-70.67251765909621, -33.470623193530486], [-70.67251713702414, -33.47066826575218], [-70.67251703702192, -33.4706808660341], [-70.67250333689985, -33.47185517649757], [-70.67250271141486, -33.47191182756521], [-70.67286156449559, -33.471915262974896], [-70.67292417605934, -33.471915895414], [-70.67294486361722, -33.470684786801776], [-70.67294584828652, -33.470626780821874], [-70.6728560442062, -33.47062603710279], [-70.67251765909621, -33.470623193530486]]], [[[-70.6792425446003, -33.47067443718637], [-70.67911119644762, -33.47067533751643], [-70.67890884735776, -33.47067373712818], [-70.67810544800817, -33.470667537133195], [-70.67756954719923, -33.47066333712691], [-70.67680493225258, -33.47065719086402], [-70.67680423651474, -33.47070180505286], [-70.67680339610864, -33.47075419040658], [-70.67678992317471, -33.470753974263246], [-70.67679076350896, -33.47070159342688], [-70.67679145763815, -33.47065708239261], [-70.67652534568833, -33.470654937114894], [-70.67639924402614, -33.47065383710188], [-70.67566434682905, -33.47064803712399], [-70.67563954566843, -33.47064783711474], [-70.67554504438117, -33.470647037104385], [-70.67426446055276, -33.47063673723445], [-70.67390994175432, -33.47063543716551], [-70.6736163305908, -33.470631437013424], [-70.67307205296483, -33.47062763716963], [-70.67304385394208, -33.470627437176596], [-70.672959323194, -33.470626881053256], [-70.67295833637299, -33.470685013781434], [-70.67293753658006, -33.471922801458796], [-70.67292723674002, -33.472696189448], [-70.6729202372717, -33.47322474929883], [-70.67291953745539, -33.47372721740725], [-70.67292060368293, -33.47376836076772], [-70.6729375544421, -33.4736949372161], [-70.67294150794692, -33.47368106030269], [-70.67299378141455, -33.473527338327166], [-70.67303163520695, -33.47341476788686], [-70.6730810320249, -33.47326219545726], [-70.67308640330819, -33.47324812989517], [-70.67313424850254, -33.47313980115325], [-70.67314194386736, -33.47312470570725], [-70.67315146272844, -33.473110179436986], [-70.67316261940847, -33.473096529654754], [-70.6731753000739, -33.473083883825055], [-70.67318937799573, -33.47307235827192], [-70.67320471489926, -33.47306205777652], [-70.6732211622113, -33.47305307518388], [-70.67323856227847, -33.47304549098652], [-70.67325674961194, -33.473039372891016], [-70.67327007761848, -33.4730361140045], [-70.67338523692486, -33.47293729935471], [-70.67342892319282, -33.47289426707281], [-70.67345975738232, -33.47283644389862], [-70.67346861261302, -33.4728218160055], [-70.67347923698223, -33.472807860281065], [-70.6734914246663, -33.47279486736598], [-70.67350505306439, -33.47278295733356], [-70.67351998759688, -33.47277223884353], [-70.67353608297772, -33.472762808752286], [-70.6735531844349, -33.472754751704954], [-70.67357112894202, -33.472748139705146], [-70.6735897465026, -33.472743031683734], [-70.67359312713796, -33.47274240232044], [-70.67370305215579, -33.472646857864866], [-70.67371457362947, -33.47263761642615], [-70.67372693730336, -33.47262918184322], [-70.67395517641803, -33.472485831662425], [-70.67397128252418, -33.47247671918887], [-70.67418419473863, -33.47236866073195], [-70.67420692943776, -33.472358753427265], [-70.67440768342472, -33.47228472289016], [-70.6744306637849, -33.47227763953037], [-70.67466092339357, -33.472219974515326], [-70.67467241968801, -33.47221740898939], [-70.67486320391889, -33.47217995318763], [-70.67489090531343, -33.472176230173986], [-70.67517954635322, -33.472154904977494], [-70.67519912738857, -33.472154276079806], [-70.67572639472651, -33.47215927766715], [-70.67573020165621, -33.472159344540266], [-70.6763182192089, -33.47217442703567], [-70.6767993758164, -33.472183908445686], [-70.67743014730151, -33.47219510438964], [-70.67743086036619, -33.47219511812575], [-70.6777294035202, -33.47220132110013], [-70.67773438969698, -33.47220162943653], [-70.67773938769152, -33.472201743410366], [-70.67820262922731, -33.47223133286548], [-70.67834540861082, -33.47222882796402], [-70.67844257681799, -33.4722213331386], [-70.67854010515723, -33.47220885236393], [-70.67863664453085, -33.472191469928234], [-70.67873177580715, -33.4721692696585], [-70.67882504412597, -33.47214236704887], [-70.67891404733581, -33.4721115114439], [-70.67908302541711, -33.472038479317995], [-70.67916702428113, -33.47199304159053], [-70.67925175724946, -33.47194185633175], [-70.67934354884311, -33.47187999081102], [-70.6794291822131, -33.47181531791024], [-70.67951602468516, -33.471738702942794], [-70.67959052036248, -33.47166720892279], [-70.67965727605971, -33.47159324361025], [-70.67971280543914, -33.471522481291004], [-70.67976417771582, -33.471446880245566], [-70.6798094684812, -33.47137408827394], [-70.67983421424078, -33.471327465828324], [-70.67986375125517, -33.471270642238764], [-70.67990951743168, -33.47117166166484], [-70.67993137880588, -33.47110468398854], [-70.67994674871035, -33.47105378692777], [-70.67995540583473, -33.47100530703134], [-70.67996057691329, -33.470957766470214], [-70.6799677324119, -33.47079198193101], [-70.67996502903951, -33.47075323359306], [-70.67995851001561, -33.470669493513675], [-70.67977474981636, -33.470671037153046], [-70.6792425446003, -33.47067443718637]]]]}}]}