{"type": "FeatureCollection", "features": [{"type": "Feature", "properties": {"n": 1, "nmanzanas": 6, "centro": [-70.677423, -33.452079], "color": "#830e40", "letras": "ABCEFG"}, "geometry": {"type": "MultiPolygon", "coordinates": [[[[-70.677022, -33.450577], [-70.677242, -33.45063], [-70.677289, -33.450718], [-70.676868, -33.451858], [-70.676817, -33.451922], [-70.676719, -33.451936], [-70.676613, -33.451887], [-70.676596, -33.451824], [-70.67691, -33.450641], [-70.676954, -33.45059], [-70.677022, -33.450577]]], [[[-70.677735, -33.450768], [-70.677781, -33.450817], [-70.677806, -33.451258], [-70.677709, -33.451329], [-70.677544, -33.451363], [-70.677438, -33.451352], [-70.677383, -33.451258], [-70.677548, -33.45084], [-70.677622, -33.450769], [-70.677735, -33.450768]]], [[[-70.677676, -33.451537], [-70.677805, -33.451573], [-70.677837, -33.45168], [-70.677876, -33.452083], [-70.677779, -33.452147], [-70.677484, -33.452101], [-70.677415, -33.452039], [-70.677519, -33.451628], [-70.677578, -33.451564], [-70.677676, -33.451537]]], [[[-70.676513, -33.452185], [-70.676589, -33.452171], [-70.677164, -33.452276], [-70.67721, -33.452326], [-70.677205, -33.452445], [-70.67741, -33.452524], [-70.677439, -33.452826], [-70.677395, -33.452877], [-70.677283, -33.452923], [-70.677256, -33.453068], [-70.677198, -33.453157], [-70.677054, -33.45316], [-70.676471, -33.45303], [-70.676387, -33.452987], [-70.676448, -33.452299], [-70.676513, -33.452185]]], [[[-70.677604, -33.452414], [-70.677702, -33.452406], [-70.677907, -33.452479], [-70.677925, -33.452617], [-70.677881, -33.452668], [-70.677663, -33.452703], [-70.677579, -33.452667], [-70.67756, -33.452465], [-70.677604, -33.452414]]], [[[-70.677937, -33.452838], [-70.677954, -33.453253], [-70.67791, -33.453304], [-70.677842, -33.453318], [-70.6776, -33.453277], [-70.677395, -33.453218], [-70.677392, -33.45306], [-70.677436, -33.453009], [-70.677548, -33.452982], [-70.677554, -33.452888], [-70.677605, -33.452817], [-70.677854, -33.452801], [-70.677937, -33.452838]]]]}}, {"type": "Feature", "properties": {"n": 2, "nmanzanas": 6, "centro": [-70.674881, -33.451465], "color": "#f9e3b8", "letras": "ABCDE"}, "geometry": {"type": "MultiPolygon", "coordinates": [[[[-70.674447, -33.45006], [-70.674521, -33.449971], [-70.674573, -33.449958], [-70.674672, -33.45], [-70.674762, -33.449968], [-70.674815, -33.449979], [-70.67493, -33.45006], [-70.675028, -33.450039], [-70.675347, -33.450148], [-70.675388, -33.450336], [-70.675284, -33.450407], [-70.675154, -33.450334], [-70.675033, -33.45031], [-70.674951, -33.450337], [-70.674731, -33.450277], [-70.674624, -33.45019], [-70.674502, -33.45016], [-70.674447, -33.45006]]], [[[-70.675764, -33.450299], [-70.675885, -33.450304], [-70.675954, -33.450341], [-70.676104, -33.450332], [-70.676249, -33.450405], [-70.676355, -33.450404], [-70.67662, -33.450476], [-70.676682, -33.450531], [-70.676625, -33.450721], [-70.676628, -33.450847], [-70.676556, -33.451012], [-70.676588, -33.451062], [-70.67656, -33.451201], [-70.676479, -33.451272], [-70.67639, -33.451689], [-70.676308, -33.451766], [-70.676173, -33.451774], [-70.675952, -33.451683], [-70.675711, -33.45168], [-70.675611, -33.451606], [-70.675506, -33.451601], [-70.675436, -33.451508], [-70.675479, -33.451387], [-70.675473, -33.451142], [-70.675591, -33.451026], [-70.675536, -33.450895], [-70.675647, -33.450818], [-70.675622, -33.450711], [-70.675642, -33.450572], [-70.675686, -33.450515], [-70.675661, -33.450383], [-70.675764, -33.450299]]], [[[-70.674375, -33.450547], [-70.674563, -33.450512], [-70.674662, -33.450593], [-70.674805, -33.450578], [-70.675215, -33.450711], [-70.675232, -33.450786], [-70.675177, -33.451039], [-70.675202, -33.451158], [-70.675136, -33.451229], [-70.675139, -33.451392], [-70.675095, -33.451443], [-70.674938, -33.451484], [-70.674855, -33.451472], [-70.674748, -33.451404], [-70.674657, -33.451418], [-70.674506, -33.451377], [-70.674444, -33.451327], [-70.674324, -33.451335], [-70.674209, -33.451242], [-70.674204, -33.451022], [-70.674248, -33.450952], [-70.674316, -33.450623], [-70.674375, -33.450547]]], [[[-70.674058, -33.451604], [-70.674284, -33.451581], [-70.674898, -33.451736], [-70.674944, -33.451773], [-70.674978, -33.451943], [-70.674858, -33.452354], [-70.674883, -33.452448], [-70.67478, -33.452589], [-70.674652, -33.45259], [-70.67444, -33.452531], [-70.674378, -33.452481], [-70.674091, -33.452448], [-70.673916, -33.452387], [-70.673868, -33.452243], [-70.673935, -33.452179], [-70.67391, -33.452078], [-70.674019, -33.451888], [-70.674014, -33.451655], [-70.674058, -33.451604]]], [[[-70.673664, -33.451855], [-70.673604, -33.452228], [-70.673552, -33.452285], [-70.673417, -33.452287], [-70.673008, -33.452199], [-70.673014, -33.452155], [-70.673336, -33.452062], [-70.673619, -33.451856], [-70.673664, -33.451855]]], [[[-70.675384, -33.451899], [-70.675497, -33.451891], [-70.676141, -33.452058], [-70.676279, -33.452163], [-70.676289, -33.452251], [-70.676222, -33.452309], [-70.676172, -33.452423], [-70.676183, -33.452612], [-70.676102, -33.452701], [-70.676097, -33.452808], [-70.676053, -33.452859], [-70.675947, -33.452874], [-70.675856, -33.452837], [-70.675774, -33.452857], [-70.675645, -33.452828], [-70.675575, -33.452753], [-70.675432, -33.452724], [-70.675304, -33.452745], [-70.675181, -33.452639], [-70.675164, -33.45257], [-70.675291, -33.45214], [-70.675274, -33.452064], [-70.675384, -33.451899]]]]}}, {"type": "Feature", "properties": {"n": 3, "nmanzanas": 4, "centro": [-70.672284, -33.449952], "color": "#652268", "letras": "ABC"}, "geometry": {"type": "MultiPolygon", "coordinates": [[[[-70.670555, -33.448915], [-70.670667, -33.448882], [-70.672404, -33.449347], [-70.672458, -33.449403], [-70.672447, -33.450311], [-70.672394, -33.450312], [-70.672125, -33.450076], [-70.671882, -33.449966], [-70.671519, -33.449915], [-70.67118, -33.449958], [-70.671207, -33.449768], [-70.670501, -33.449565], [-70.670455, -33.449515], [-70.670555, -33.448915]]], [[[-70.672822, -33.449486], [-70.672965, -33.44949], [-70.673481, -33.449621], [-70.673542, -33.449677], [-70.673392, -33.450404], [-70.673104, -33.450333], [-70.672764, -33.450306], [-70.672771, -33.449569], [-70.672822, -33.449486]]], [[[-70.673989, -33.449759], [-70.67414, -33.4498], [-70.674188, -33.449894], [-70.673959, -33.450849], [-70.673901, -33.450963], [-70.67369, -33.450614], [-70.673863, -33.449874], [-70.673899, -33.449798], [-70.673989, -33.449759]]], [[[-70.671, -33.449992], [-70.671001, -33.450036], [-70.670679, -33.450117], [-70.670381, -33.45031], [-70.670328, -33.450304], [-70.670337, -33.450008], [-70.67041, -33.449913], [-70.670523, -33.449886], [-70.671, -33.449992]]]]}}, {"type": "Feature", "properties": {"n": 4, "nmanzanas": 4, "centro": [-70.668965, -33.449941], "color": "#80b2e2", "letras": "ABCD"}, "geometry": {"type": "MultiPolygon", "coordinates": [[[[-70.668575, -33.448365], [-70.669129, -33.448495], [-70.669228, -33.448563], [-70.669152, -33.448879], [-70.668921, -33.449034], [-70.668834, -33.44918], [-70.668832, -33.449426], [-70.668948, -33.449594], [-70.66895, -33.44967], [-70.668887, -33.449891], [-70.66879, -33.449956], [-70.66829, -33.449843], [-70.668213, -33.449781], [-70.668471, -33.448435], [-70.668575, -33.448365]]], [[[-70.669523, -33.448603], [-70.670205, -33.448763], [-70.670266, -33.448818], [-70.670008, -33.450158], [-70.669912, -33.450222], [-70.669169, -33.450057], [-70.669085, -33.449989], [-70.669168, -33.449654], [-70.669398, -33.44948], [-70.669486, -33.449328], [-70.669481, -33.449114], [-70.669363, -33.448895], [-70.669426, -33.448667], [-70.669523, -33.448603]]], [[[-70.668139, -33.450167], [-70.668251, -33.450127], [-70.668713, -33.450234], [-70.668768, -33.450334], [-70.668711, -33.450505], [-70.668592, -33.450551], [-70.66813, -33.450444], [-70.668082, -33.450344], [-70.668139, -33.450167]]], [[[-70.668036, -33.450635], [-70.668148, -33.450595], [-70.668815, -33.450743], [-70.66892, -33.450382], [-70.669031, -33.450305], [-70.669872, -33.450488], [-70.669919, -33.450537], [-70.669859, -33.450942], [-70.669815, -33.450993], [-70.669717, -33.451], [-70.669126, -33.450858], [-70.669074, -33.450871], [-70.669054, -33.45101], [-70.669729, -33.451189], [-70.669775, -33.451239], [-70.669755, -33.451378], [-70.669673, -33.451417], [-70.668006, -33.451032], [-70.667959, -33.450938], [-70.668036, -33.450635]]]]}}, {"type": "Feature", "properties": {"n": 5, "nmanzanas": 9, "centro": [-70.666524, -33.449302], "color": "#1d9d4c", "letras": "ABCDEFGHI"}, "geometry": {"type": "MultiPolygon", "coordinates": [[[[-70.665113, -33.447591], [-70.665643, -33.447696], [-70.665697, -33.447752], [-70.665568, -33.449115], [-70.665539, -33.449185], [-70.665457, -33.449224], [-70.664995, -33.44913], [-70.664941, -33.449074], [-70.665016, -33.447655], [-70.665113, -33.447591]]], [[[-70.66609, -33.447772], [-70.666294, -33.4478], [-70.66634, -33.44785], [-70.666272, -33.449237], [-70.666244, -33.449351], [-70.666162, -33.44939], [-70.665927, -33.449349], [-70.665866, -33.449293], [-70.665993, -33.447836], [-70.66609, -33.447772]]], [[[-70.666673, -33.447901], [-70.666741, -33.447888], [-70.6669, -33.447923], [-70.666954, -33.447979], [-70.666853, -33.448579], [-70.667202, -33.448681], [-70.66722, -33.448794], [-70.667169, -33.448871], [-70.666702, -33.44889], [-70.666602, -33.448829], [-70.666629, -33.447953], [-70.666673, -33.447901]]], [[[-70.667257, -33.448057], [-70.667369, -33.448023], [-70.66809, -33.448227], [-70.668144, -33.448283], [-70.668119, -33.44851], [-70.667999, -33.448556], [-70.667227, -33.448404], [-70.667179, -33.448316], [-70.667257, -33.448057]]], [[[-70.668013, -33.448858], [-70.667894, -33.44966], [-70.66785, -33.449711], [-70.667798, -33.449725], [-70.666662, -33.449502], [-70.666532, -33.449422], [-70.666541, -33.449151], [-70.6666, -33.449068], [-70.667105, -33.449048], [-70.667188, -33.449085], [-70.667212, -33.449154], [-70.667326, -33.449177], [-70.667393, -33.448779], [-70.667437, -33.448728], [-70.667505, -33.448715], [-70.667913, -33.44879], [-70.668013, -33.448858]]], [[[-70.664941, -33.449427], [-70.665001, -33.449413], [-70.665494, -33.449526], [-70.665563, -33.449581], [-70.665487, -33.450288], [-70.665436, -33.450377], [-70.665331, -33.450385], [-70.664936, -33.450271], [-70.664844, -33.450197], [-70.664897, -33.449478], [-70.664941, -33.449427]]], [[[-70.665903, -33.449627], [-70.666168, -33.449692], [-70.666245, -33.449754], [-70.666254, -33.450529], [-70.666157, -33.450593], [-70.665816, -33.45051], [-70.665755, -33.450454], [-70.665806, -33.449691], [-70.665903, -33.449627]]], [[[-70.666631, -33.449805], [-70.666903, -33.449845], [-70.666964, -33.449901], [-70.666944, -33.450701], [-70.666847, -33.450766], [-70.666597, -33.4507], [-70.66652, -33.450638], [-70.666527, -33.449914], [-70.666548, -33.449844], [-70.666631, -33.449805]]], [[[-70.667335, -33.449933], [-70.667751, -33.450015], [-70.66782, -33.450077], [-70.667716, -33.450854], [-70.667665, -33.450917], [-70.667612, -33.450931], [-70.667294, -33.450847], [-70.667232, -33.450792], [-70.667238, -33.449998], [-70.667335, -33.449933]]]]}}, {"type": "Feature", "properties": {"n": 6, "nmanzanas": 4, "centro": [-70.662429, -33.448406], "color": "#f46926", "letras": "ABCD"}, "geometry": {"type": "MultiPolygon", "coordinates": [[[[-70.660705, -33.446661], [-70.661212, -33.44676], [-70.661274, -33.446816], [-70.660899, -33.449392], [-70.660802, -33.449457], [-70.66025, -33.449358], [-70.660173, -33.449296], [-70.660472, -33.447761], [-70.660608, -33.446725], [-70.660705, -33.446661]]], [[[-70.661682, -33.44686], [-70.662227, -33.446972], [-70.662274, -33.447022], [-70.662146, -33.448485], [-70.662102, -33.448537], [-70.661922, -33.448558], [-70.661924, -33.448653], [-70.66206, -33.448701], [-70.662115, -33.448795], [-70.662012, -33.449596], [-70.661915, -33.449661], [-70.661272, -33.449551], [-70.661188, -33.449489], [-70.661564, -33.446994], [-70.6616, -33.446899], [-70.661682, -33.44686]]], [[[-70.662682, -33.447072], [-70.663522, -33.447243], [-70.663607, -33.447304], [-70.663374, -33.449822], [-70.663277, -33.449886], [-70.662408, -33.449773], [-70.662308, -33.449712], [-70.662433, -33.448828], [-70.662515, -33.448789], [-70.66278, -33.448841], [-70.662824, -33.448816], [-70.662784, -33.448703], [-70.662519, -33.448644], [-70.662458, -33.448588], [-70.662565, -33.447269], [-70.6626, -33.447111], [-70.662682, -33.447072]]], [[[-70.664045, -33.447361], [-70.664643, -33.447478], [-70.664728, -33.44754], [-70.664548, -33.450082], [-70.664451, -33.450146], [-70.663784, -33.449986], [-70.663708, -33.449924], [-70.663948, -33.447425], [-70.664045, -33.447361]]]]}}, {"type": "Feature", "properties": {"n": 7, "nmanzanas": 3, "centro": [-70.675587, -33.453458], "color": "#c3c210", "letras": "ABC"}, "geometry": {"type": "MultiPolygon", "coordinates": [[[[-70.673801, -33.452635], [-70.673891, -33.452627], [-70.674779, -33.452885], [-70.674796, -33.452954], [-70.674651, -33.45358], [-70.674606, -33.453631], [-70.674531, -33.453644], [-70.673775, -33.453517], [-70.673592, -33.453451], [-70.67359, -33.45335], [-70.67368, -33.453304], [-70.673815, -33.453302], [-70.673888, -33.453169], [-70.673886, -33.4531], [-70.673735, -33.453058], [-70.673688, -33.453008], [-70.673742, -33.452711], [-70.673801, -33.452635]]], [[[-70.675082, -33.452962], [-70.675233, -33.452966], [-70.676007, -33.453181], [-70.676024, -33.453263], [-70.675923, -33.453863], [-70.675879, -33.453914], [-70.675781, -33.453922], [-70.674978, -33.453732], [-70.674924, -33.453695], [-70.674914, -33.453551], [-70.675038, -33.453013], [-70.675082, -33.452962]]], [[[-70.67628, -33.453285], [-70.67634, -33.453246], [-70.67643, -33.453244], [-70.677915, -33.453582], [-70.677962, -33.453631], [-70.67796, -33.454261], [-70.677878, -33.4543], [-70.676213, -33.454023], [-70.676166, -33.453929], [-70.67628, -33.453285]]]]}}, {"type": "Feature", "properties": {"n": 8, "nmanzanas": 4, "centro": [-70.671255, -33.452308], "color": "#219b4f", "letras": "ABC"}, "geometry": {"type": "MultiPolygon", "coordinates": [[[[-70.670115, -33.451265], [-70.670168, -33.451265], [-70.67037, -33.451564], [-70.670196, -33.451541], [-70.67009, -33.451493], [-70.670072, -33.451386], [-70.670115, -33.451265]]], [[[-70.670088, -33.451757], [-70.670451, -33.451834], [-70.670589, -33.451914], [-70.670326, -33.452674], [-70.670236, -33.452719], [-70.669941, -33.452654], [-70.669872, -33.452592], [-70.669991, -33.451822], [-70.670088, -33.451757]]], [[[-70.67096, -33.451984], [-70.671035, -33.45197], [-70.671164, -33.452], [-70.671225, -33.452055], [-70.671164, -33.45239], [-70.671203, -33.452446], [-70.671309, -33.452451], [-70.671408, -33.452141], [-70.671505, -33.452083], [-70.672247, -33.452229], [-70.672369, -33.452284], [-70.672371, -33.453128], [-70.672327, -33.453179], [-70.672275, -33.453193], [-70.671851, -33.453105], [-70.671676, -33.453038], [-70.671665, -33.452906], [-70.67175, -33.452627], [-70.671673, -33.452565], [-70.671622, -33.452629], [-70.67153, -33.452939], [-70.671464, -33.452991], [-70.670873, -33.452873], [-70.67066, -33.452795], [-70.670644, -33.452719], [-70.670901, -33.452054], [-70.67096, -33.451984]]], [[[-70.6727, -33.452626], [-70.672798, -33.452612], [-70.673259, -33.452693], [-70.673357, -33.452666], [-70.673441, -33.452703], [-70.673458, -33.452816], [-70.673376, -33.453221], [-70.673289, -33.453392], [-70.673199, -33.4534], [-70.672744, -33.453287], [-70.672638, -33.453232], [-70.672656, -33.452677], [-70.6727, -33.452626]]]]}}, {"type": "Feature", "properties": {"n": 9, "nmanzanas": 5, "centro": [-70.666409, -33.451351], "color": "#7d183f", "letras": "ABCD"}, "geometry": {"type": "MultiPolygon", "coordinates": [[[[-70.664813, -33.450513], [-70.664918, -33.450473], [-70.665441, -33.45061], [-70.665488, -33.45066], [-70.665479, -33.450969], [-70.665397, -33.451008], [-70.664824, -33.450985], [-70.664777, -33.450935], [-70.664813, -33.450513]]], [[[-70.665745, -33.450713], [-70.666101, -33.45079], [-70.666201, -33.450857], [-70.666212, -33.451727], [-70.666145, -33.451784], [-70.665873, -33.451744], [-70.665803, -33.451682], [-70.665771, -33.45121], [-70.665668, -33.450998], [-70.665671, -33.450783], [-70.665745, -33.450713]]], [[[-70.666557, -33.450934], [-70.666609, -33.450921], [-70.667541, -33.451146], [-70.667618, -33.451189], [-70.667635, -33.451309], [-70.667507, -33.45201], [-70.667463, -33.452061], [-70.667403, -33.452074], [-70.666638, -33.451928], [-70.666516, -33.451873], [-70.666497, -33.451332], [-70.666512, -33.450985], [-70.666557, -33.450934]]], [[[-70.665612, -33.451547], [-70.665561, -33.451604], [-70.6655, -33.451618], [-70.665182, -33.45154], [-70.665024, -33.451536], [-70.664901, -33.451444], [-70.66483, -33.451287], [-70.664941, -33.45121], [-70.665446, -33.451177], [-70.665615, -33.451332], [-70.665612, -33.451547]]], [[[-70.667907, -33.451305], [-70.667966, -33.451266], [-70.668057, -33.451265], [-70.669633, -33.451657], [-70.669688, -33.451757], [-70.669642, -33.45206], [-70.669598, -33.452111], [-70.669462, -33.452113], [-70.668939, -33.451995], [-70.668872, -33.45204], [-70.668874, -33.452116], [-70.669511, -33.45227], [-70.669557, -33.45232], [-70.669523, -33.452478], [-70.669425, -33.452517], [-70.667774, -33.452157], [-70.667728, -33.452107], [-70.667733, -33.451994], [-70.667907, -33.451305]]]]}}, {"type": "Feature", "properties": {"n": 10, "nmanzanas": 5, "centro": [-70.662272, -33.450442], "color": "#82b1e2", "letras": "ABCD"}, "geometry": {"type": "MultiPolygon", "coordinates": [[[[-70.660179, -33.449567], [-70.660709, -33.44966], [-70.660801, -33.449728], [-70.660576, -33.450506], [-70.660479, -33.450571], [-70.659934, -33.450459], [-70.659872, -33.450403], [-70.660082, -33.449631], [-70.660179, -33.449567]]], [[[-70.661148, -33.449767], [-70.661254, -33.449759], [-70.661859, -33.44987], [-70.661943, -33.449931], [-70.661825, -33.450752], [-70.661774, -33.450816], [-70.661638, -33.450818], [-70.660964, -33.450677], [-70.660872, -33.450615], [-70.661083, -33.449869], [-70.661148, -33.449767]]], [[[-70.662359, -33.449963], [-70.662805, -33.450019], [-70.662882, -33.450081], [-70.66281, -33.450246], [-70.662696, -33.450935], [-70.662645, -33.450998], [-70.662592, -33.451012], [-70.662183, -33.45093], [-70.662129, -33.450874], [-70.662241, -33.450097], [-70.662277, -33.450002], [-70.662359, -33.449963]]], [[[-70.663032, -33.450054], [-70.663251, -33.450082], [-70.663313, -33.450138], [-70.663195, -33.450978], [-70.663159, -33.451079], [-70.663077, -33.451118], [-70.662873, -33.451077], [-70.662819, -33.451021], [-70.662968, -33.450244], [-70.662935, -33.450118], [-70.663032, -33.450054]]], [[[-70.663706, -33.450201], [-70.663834, -33.450193], [-70.664471, -33.45036], [-70.664517, -33.45041], [-70.664461, -33.451324], [-70.664417, -33.451375], [-70.664365, -33.451389], [-70.663645, -33.451236], [-70.663531, -33.451168], [-70.663647, -33.450284], [-70.663706, -33.450201]]]]}}, {"type": "Feature", "properties": {"n": 11, "nmanzanas": 5, "centro": [-70.67618, -33.454678], "color": "#81b0e2", "letras": "ABCDE"}, "geometry": {"type": "MultiPolygon", "coordinates": [[[[-70.673537, -33.453672], [-70.673589, -33.453658], [-70.674574, -33.453864], [-70.674612, -33.453895], [-70.67463, -33.454021], [-70.674463, -33.454666], [-70.674411, -33.454736], [-70.674208, -33.454727], [-70.67339, -33.454556], [-70.673306, -33.454513], [-70.673303, -33.454375], [-70.673449, -33.453812], [-70.673537, -33.453672]]], [[[-70.674938, -33.453966], [-70.675149, -33.453982], [-70.675785, -33.454117], [-70.675869, -33.45416], [-70.675886, -33.454229], [-70.675712, -33.454919], [-70.675653, -33.454995], [-70.675593, -33.455009], [-70.674806, -33.45485], [-70.674722, -33.454807], [-70.674712, -33.454681], [-70.674886, -33.454017], [-70.674938, -33.453966]]], [[[-70.676142, -33.454213], [-70.676202, -33.454199], [-70.676694, -33.454299], [-70.676998, -33.454395], [-70.677015, -33.454496], [-70.676869, -33.455072], [-70.676782, -33.45523], [-70.676729, -33.455244], [-70.675987, -33.455091], [-70.675934, -33.455054], [-70.675916, -33.454941], [-70.676083, -33.454283], [-70.676142, -33.454213]]], [[[-70.677361, -33.454447], [-70.67752, -33.454501], [-70.677539, -33.454665], [-70.677462, -33.455308], [-70.677418, -33.45536], [-70.677335, -33.455373], [-70.677123, -33.45532], [-70.677077, -33.45527], [-70.677243, -33.454568], [-70.677279, -33.454486], [-70.677361, -33.454447]]], [[[-70.677815, -33.454541], [-70.677944, -33.45457], [-70.67799, -33.45462], [-70.67803, -33.455432], [-70.677934, -33.455497], [-70.677714, -33.455456], [-70.677645, -33.455394], [-70.677719, -33.454605], [-70.677815, -33.454541]]]]}}, {"type": "Feature", "properties": {"n": 12, "nmanzanas": 2, "centro": [-70.671959, -33.453756], "color": "#952c90", "letras": "AB"}, "geometry": {"type": "MultiPolygon", "coordinates": [[[[-70.669803, -33.452896], [-70.669855, -33.452863], [-70.669953, -33.452862], [-70.672279, -33.453376], [-70.672341, -33.45345], [-70.672313, -33.454257], [-70.672223, -33.454296], [-70.671124, -33.454048], [-70.671077, -33.453948], [-70.671139, -33.453663], [-70.670979, -33.453597], [-70.670942, -33.453629], [-70.67085, -33.45392], [-70.670761, -33.453965], [-70.669662, -33.45373], [-70.669608, -33.453636], [-70.669803, -33.452896]]], [[[-70.672726, -33.453476], [-70.673188, -33.453576], [-70.673242, -33.453632], [-70.673106, -33.454359], [-70.673077, -33.454416], [-70.672988, -33.454461], [-70.6727, -33.454415], [-70.672639, -33.454359], [-70.672629, -33.45354], [-70.672726, -33.453476]]]]}}, {"type": "Feature", "properties": {"n": 13, "nmanzanas": 6, "centro": [-70.666166, -33.452647], "color": "#656668", "letras": "ABCD"}, "geometry": {"type": "MultiPolygon", "coordinates": [[[[-70.665053, -33.451857], [-70.66515, -33.451818], [-70.666098, -33.45205], [-70.666152, -33.452106], [-70.666144, -33.452465], [-70.666047, -33.45251], [-70.665581, -33.452543], [-70.665526, -33.452474], [-70.665499, -33.452273], [-70.665372, -33.452294], [-70.665307, -33.452433], [-70.665133, -33.452436], [-70.665079, -33.452348], [-70.665053, -33.451857]]], [[[-70.664649, -33.451977], [-70.664748, -33.452038], [-70.664791, -33.452668], [-70.664695, -33.452732], [-70.664566, -33.452703], [-70.664512, -33.452647], [-70.664552, -33.452041], [-70.664649, -33.451977]]], [[[-70.666492, -33.452151], [-70.666567, -33.452137], [-70.66737, -33.452308], [-70.667361, -33.452598], [-70.667259, -33.453123], [-70.667215, -33.453174], [-70.666951, -33.453159], [-70.666474, -33.453071], [-70.666413, -33.453034], [-70.666448, -33.452202], [-70.666492, -33.452151]]], [[[-70.667689, -33.452423], [-70.667749, -33.452384], [-70.667839, -33.452383], [-70.669377, -33.452726], [-70.669425, -33.452832], [-70.669244, -33.453572], [-70.66914, -33.453611], [-70.668329, -33.453434], [-70.668283, -33.453385], [-70.668375, -33.452785], [-70.668193, -33.452724], [-70.668135, -33.45282], [-70.668076, -33.453236], [-70.66801, -33.453345], [-70.667958, -33.453358], [-70.667549, -33.453269], [-70.667503, -33.45322], [-70.667508, -33.453125], [-70.667689, -33.452423]]], [[[-70.665101, -33.452682], [-70.665168, -33.452624], [-70.665356, -33.452622], [-70.665441, -33.452709], [-70.665652, -33.452712], [-70.665698, -33.452761], [-70.6657, -33.45285], [-70.665656, -33.452901], [-70.665581, -33.452914], [-70.665149, -33.452833], [-70.665103, -33.452783], [-70.665101, -33.452682]]], [[[-70.666107, -33.452844], [-70.666124, -33.452925], [-70.666057, -33.452983], [-70.665914, -33.452972], [-70.665852, -33.452917], [-70.665866, -33.452853], [-70.665933, -33.452815], [-70.666023, -33.452807], [-70.666107, -33.452844]]]]}}, {"type": "Feature", "properties": {"n": 14, "nmanzanas": 4, "centro": [-70.6619, -33.451603], "color": "#962a91", "letras": "ABCD"}, "geometry": {"type": "MultiPolygon", "coordinates": [[[[-70.659789, -33.450738], [-70.659849, -33.450725], [-70.660515, -33.450841], [-70.660561, -33.450891], [-70.660427, -33.451668], [-70.660383, -33.451719], [-70.660255, -33.451727], [-70.659612, -33.451617], [-70.659497, -33.451549], [-70.65968, -33.450942], [-70.659789, -33.450738]]], [[[-70.660871, -33.45093], [-70.66109, -33.45094], [-70.661598, -33.451046], [-70.661682, -33.451088], [-70.661699, -33.451208], [-70.661578, -33.451903], [-70.661527, -33.451967], [-70.661421, -33.451974], [-70.660686, -33.451803], [-70.660669, -33.451696], [-70.660813, -33.451013], [-70.660871, -33.45093]]], [[[-70.661962, -33.451141], [-70.662105, -33.451145], [-70.663052, -33.451345], [-70.663136, -33.451388], [-70.663152, -33.451451], [-70.663054, -33.452171], [-70.662996, -33.452285], [-70.662936, -33.452298], [-70.661815, -33.452032], [-70.661803, -33.451855], [-70.661903, -33.451224], [-70.661962, -33.451141]]], [[[-70.663492, -33.451471], [-70.663582, -33.451463], [-70.664348, -33.451654], [-70.664409, -33.451691], [-70.664426, -33.45181], [-70.66436, -33.452567], [-70.664315, -33.452618], [-70.66418, -33.452614], [-70.664057, -33.452534], [-70.664109, -33.452111], [-70.664085, -33.452086], [-70.663935, -33.452088], [-70.663851, -33.452417], [-70.6638, -33.452487], [-70.663702, -33.452495], [-70.663345, -33.452387], [-70.663328, -33.452274], [-70.663427, -33.451611], [-70.663492, -33.451471]]]]}}, {"type": "Feature", "properties": {"n": 15, "nmanzanas": 6, "centro": [-70.675564, -33.455601], "color": "#feebbe", "letras": "ABCDE"}, "geometry": {"type": "MultiPolygon", "coordinates": [[[[-70.673267, -33.454797], [-70.673364, -33.454752], [-70.673576, -33.454799], [-70.673653, -33.454874], [-70.673669, -33.454936], [-70.673572, -33.455001], [-70.673315, -33.454954], [-70.673254, -33.454898], [-70.673267, -33.454797]]], [[[-70.674288, -33.454978], [-70.674316, -33.455217], [-70.674228, -33.455319], [-70.674216, -33.455495], [-70.674086, -33.455768], [-70.673883, -33.455759], [-70.673647, -33.455661], [-70.673527, -33.455688], [-70.673186, -33.45563], [-70.673087, -33.455556], [-70.67307, -33.455487], [-70.67312, -33.455342], [-70.673095, -33.455228], [-70.673139, -33.455177], [-70.673357, -33.455136], [-70.673539, -33.455178], [-70.673615, -33.455233], [-70.673713, -33.455207], [-70.673811, -33.455237], [-70.673841, -33.455217], [-70.673861, -33.455078], [-70.673761, -33.455017], [-70.673745, -33.454954], [-70.673789, -33.454903], [-70.673894, -33.454864], [-70.67406, -33.454899], [-70.67413, -33.454967], [-70.674205, -33.454941], [-70.674288, -33.454978]]], [[[-70.674735, -33.455065], [-70.674803, -33.455052], [-70.675151, -33.455129], [-70.675197, -33.455178], [-70.675147, -33.455286], [-70.675049, -33.455288], [-70.674983, -33.455358], [-70.674848, -33.455391], [-70.674928, -33.45563], [-70.675041, -33.455615], [-70.675031, -33.455534], [-70.675113, -33.455451], [-70.675233, -33.455455], [-70.675278, -33.455423], [-70.675238, -33.455316], [-70.675282, -33.455265], [-70.675447, -33.455225], [-70.675531, -33.455262], [-70.675526, -33.455381], [-70.675406, -33.455427], [-70.675453, -33.45549], [-70.675417, -33.455597], [-70.67548, -33.455691], [-70.675436, -33.455742], [-70.675453, -33.455842], [-70.67535, -33.455964], [-70.675297, -33.455977], [-70.675153, -33.455941], [-70.675071, -33.455968], [-70.674949, -33.4559], [-70.674859, -33.455933], [-70.674723, -33.455904], [-70.674669, -33.45586], [-70.674586, -33.455881], [-70.674503, -33.455844], [-70.674492, -33.45568], [-70.674634, -33.455634], [-70.674631, -33.455502], [-70.67454, -33.455453], [-70.674523, -33.45539], [-70.674559, -33.455314], [-70.674715, -33.455198], [-70.674691, -33.455117], [-70.674735, -33.455065]]], [[[-70.675901, -33.4553], [-70.676135, -33.455322], [-70.676575, -33.455416], [-70.676681, -33.455465], [-70.676722, -33.455584], [-70.676655, -33.455648], [-70.67668, -33.45578], [-70.676592, -33.455888], [-70.67661, -33.455995], [-70.6765, -33.456173], [-70.676289, -33.456151], [-70.676176, -33.456178], [-70.676084, -33.456117], [-70.675782, -33.456058], [-70.67572, -33.456021], [-70.675687, -33.455852], [-70.675753, -33.455788], [-70.67585, -33.455358], [-70.675901, -33.4553]]], [[[-70.677113, -33.455559], [-70.677333, -33.455619], [-70.677379, -33.455669], [-70.677412, -33.455801], [-70.677409, -33.45599], [-70.677342, -33.456054], [-70.677324, -33.456268], [-70.677191, -33.456365], [-70.677016, -33.456323], [-70.676863, -33.456225], [-70.676875, -33.45608], [-70.67694, -33.455953], [-70.677016, -33.455624], [-70.677113, -33.455559]]], [[[-70.677794, -33.455675], [-70.677961, -33.455704], [-70.678015, -33.45576], [-70.678021, -33.456056], [-70.678067, -33.456106], [-70.678051, -33.456409], [-70.677925, -33.456492], [-70.67769, -33.456458], [-70.677598, -33.456371], [-70.677636, -33.456056], [-70.677617, -33.455848], [-70.677667, -33.45574], [-70.677794, -33.455675]]]]}}, {"type": "Feature", "properties": {"n": 16, "nmanzanas": 5, "centro": [-70.671498, -33.455004], "color": "#861d3f", "letras": "ABC"}, "geometry": {"type": "MultiPolygon", "coordinates": [[[[-70.669577, -33.453958], [-70.669629, -33.453944], [-70.66994, -33.454015], [-70.670001, -33.454071], [-70.670017, -33.454802], [-70.670244, -33.454855], [-70.670261, -33.454949], [-70.67021, -33.455013], [-70.670105, -33.455021], [-70.669362, -33.454856], [-70.669316, -33.454806], [-70.669518, -33.45404], [-70.669577, -33.453958]]], [[[-70.670251, -33.454118], [-70.670311, -33.454104], [-70.670614, -33.454156], [-70.671038, -33.454264], [-70.67106, -33.454578], [-70.671012, -33.454812], [-70.671025, -33.455045], [-70.670952, -33.45516], [-70.670733, -33.455144], [-70.670649, -33.455082], [-70.670653, -33.454591], [-70.670388, -33.454544], [-70.670283, -33.454571], [-70.6702, -33.454534], [-70.6702, -33.454188], [-70.670251, -33.454118]]], [[[-70.671311, -33.454316], [-70.671447, -33.454314], [-70.672151, -33.45448], [-70.672319, -33.454547], [-70.67234, -33.454836], [-70.672288, -33.454894], [-70.672213, -33.454908], [-70.671706, -33.454827], [-70.67167, -33.454872], [-70.67165, -33.455017], [-70.671674, -33.455086], [-70.672258, -33.455216], [-70.672304, -33.455265], [-70.672305, -33.455341], [-70.672247, -33.455443], [-70.672149, -33.45545], [-70.67127, -33.45523], [-70.671232, -33.455199], [-70.671234, -33.454941], [-70.671194, -33.45486], [-70.671253, -33.454802], [-70.671267, -33.454367], [-70.671311, -33.454316]]], [[[-70.672735, -33.454629], [-70.672932, -33.454664], [-70.672978, -33.454714], [-70.672858, -33.455446], [-70.6728, -33.455535], [-70.672725, -33.455549], [-70.67255, -33.455482], [-70.672532, -33.455375], [-70.672594, -33.454726], [-70.672653, -33.454643], [-70.672735, -33.454629]]], [[[-70.672584, -33.455671], [-70.67272, -33.4557], [-70.672767, -33.455788], [-70.672628, -33.456326], [-70.672569, -33.456402], [-70.672517, -33.456415], [-70.672433, -33.456379], [-70.672416, -33.456291], [-70.672473, -33.455754], [-70.672524, -33.455684], [-70.672584, -33.455671]]]]}}, {"type": "Feature", "properties": {"n": 17, "nmanzanas": 6, "centro": [-70.666412, -33.453914], "color": "#83b2e1", "letras": "ABCDEF"}, "geometry": {"type": "MultiPolygon", "coordinates": [[[[-70.664602, -33.452954], [-70.664768, -33.452983], [-70.664814, -33.453033], [-70.664878, -33.453883], [-70.664781, -33.453947], [-70.664494, -33.453901], [-70.664447, -33.453851], [-70.664498, -33.453038], [-70.664549, -33.452968], [-70.664602, -33.452954]]], [[[-70.6652, -33.453065], [-70.665252, -33.453052], [-70.665638, -33.453121], [-70.666161, -33.453252], [-70.666181, -33.453454], [-70.666128, -33.454154], [-70.666083, -33.454205], [-70.665887, -33.454195], [-70.665281, -33.454066], [-70.66519, -33.454023], [-70.665173, -33.45396], [-70.665218, -33.453909], [-70.665345, -33.453895], [-70.66567, -33.453927], [-70.665714, -33.453845], [-70.665712, -33.453776], [-70.665682, -33.453757], [-70.665266, -33.453713], [-70.665182, -33.453676], [-70.665163, -33.453462], [-70.665207, -33.453411], [-70.665342, -33.453403], [-70.66566, -33.453455], [-70.665704, -33.453379], [-70.66568, -33.45331], [-70.665203, -33.453216], [-70.665156, -33.453166], [-70.6652, -33.453065]]], [[[-70.666434, -33.453305], [-70.666494, -33.453291], [-70.667077, -33.453415], [-70.667184, -33.453483], [-70.667057, -33.454253], [-70.666999, -33.454355], [-70.666931, -33.454369], [-70.666379, -33.454276], [-70.666333, -33.454226], [-70.666382, -33.453375], [-70.666434, -33.453305]]], [[[-70.667419, -33.45353], [-70.667524, -33.453522], [-70.668449, -33.453754], [-70.668466, -33.453829], [-70.668329, -33.454512], [-70.668271, -33.454588], [-70.668173, -33.454596], [-70.66734, -33.454438], [-70.667264, -33.454402], [-70.667247, -33.454333], [-70.66736, -33.4536], [-70.667419, -33.45353]]], [[[-70.668804, -33.453799], [-70.669069, -33.453845], [-70.669131, -33.453901], [-70.668995, -33.454615], [-70.668959, -33.454698], [-70.66887, -33.454743], [-70.668605, -33.454697], [-70.668551, -33.454641], [-70.6687, -33.453876], [-70.668752, -33.453812], [-70.668804, -33.453799]]], [[[-70.664454, -33.45416], [-70.66455, -33.454095], [-70.66477, -33.45413], [-70.664869, -33.454179], [-70.664885, -33.454248], [-70.664819, -33.454306], [-70.664698, -33.454301], [-70.664509, -33.454254], [-70.664454, -33.45416]]]]}}, {"type": "Feature", "properties": {"n": 18, "nmanzanas": 6, "centro": [-70.660954, -33.452776], "color": "#e7e5af", "letras": "ABCD"}, "geometry": {"type": "MultiPolygon", "coordinates": [[[[-70.659413, -33.451822], [-70.659511, -33.451852], [-70.659657, -33.451969], [-70.659728, -33.452113], [-70.65973, -33.452226], [-70.659681, -33.452372], [-70.659577, -33.452481], [-70.659436, -33.452546], [-70.65927, -33.452573], [-70.659186, -33.452537], [-70.659169, -33.452436], [-70.65933, -33.451861], [-70.659413, -33.451822]]], [[[-70.660247, -33.452042], [-70.660316, -33.452129], [-70.660318, -33.452211], [-70.66023, -33.452332], [-70.660181, -33.452875], [-70.660107, -33.452933], [-70.659965, -33.452979], [-70.659723, -33.452932], [-70.659676, -33.452882], [-70.659672, -33.452681], [-70.659912, -33.45228], [-70.659938, -33.452072], [-70.66002, -33.452033], [-70.660247, -33.452042]]], [[[-70.660686, -33.452149], [-70.660814, -33.452147], [-70.66136, -33.452265], [-70.661483, -33.452402], [-70.661391, -33.452649], [-70.661422, -33.452705], [-70.661417, -33.452831], [-70.661381, -33.452926], [-70.661329, -33.452965], [-70.661311, -33.453148], [-70.661244, -33.453218], [-70.661192, -33.453232], [-70.660813, -33.453149], [-70.660752, -33.4531], [-70.66057, -33.453077], [-70.660509, -33.453015], [-70.660597, -33.452547], [-70.660586, -33.452403], [-70.660642, -33.4522], [-70.660686, -33.452149]]], [[[-70.661769, -33.452379], [-70.661905, -33.452377], [-70.662587, -33.45253], [-70.66271, -33.452642], [-70.662807, -33.452603], [-70.662898, -33.452639], [-70.662915, -33.452708], [-70.662871, -33.452759], [-70.662758, -33.452761], [-70.662689, -33.452699], [-70.662644, -33.452731], [-70.662676, -33.452806], [-70.662849, -33.452816], [-70.662911, -33.452885], [-70.662912, -33.452935], [-70.662853, -33.452999], [-70.662794, -33.453384], [-70.662721, -33.453511], [-70.662638, -33.453525], [-70.662366, -33.453473], [-70.662228, -33.453393], [-70.662032, -33.453402], [-70.661851, -33.453367], [-70.66169, -33.453275], [-70.661666, -33.453174], [-70.661717, -33.45311], [-70.661823, -33.453109], [-70.661945, -33.453202], [-70.662012, -33.453131], [-70.662124, -33.453117], [-70.662177, -33.453129], [-70.662247, -33.453203], [-70.662329, -33.453145], [-70.662311, -33.453051], [-70.662385, -33.452962], [-70.662528, -33.452935], [-70.662641, -33.452958], [-70.662632, -33.45287], [-70.662541, -33.452871], [-70.662488, -33.452841], [-70.662472, -33.452778], [-70.662501, -33.452727], [-70.662462, -33.452696], [-70.662365, -33.452729], [-70.662198, -33.452669], [-70.66217, -33.452763], [-70.662088, -33.452803], [-70.661982, -33.452785], [-70.661912, -33.452704], [-70.661838, -33.452787], [-70.661733, -33.452789], [-70.661687, -33.452739], [-70.661685, -33.452651], [-70.661751, -33.452574], [-70.661725, -33.45243], [-70.661769, -33.452379]]], [[[-70.659281, -33.452706], [-70.659457, -33.452861], [-70.659497, -33.452967], [-70.659463, -33.453131], [-70.659419, -33.453201], [-70.659293, -33.453291], [-70.65912, -33.453332], [-70.658977, -33.453309], [-70.65893, -33.453221], [-70.659086, -33.452765], [-70.659145, -33.452701], [-70.659281, -33.452706]]], [[[-70.663293, -33.452747], [-70.663465, -33.452713], [-70.663685, -33.45276], [-70.663739, -33.452803], [-70.663806, -33.452783], [-70.664299, -33.452908], [-70.664298, -33.453198], [-70.664231, -33.453262], [-70.664211, -33.453401], [-70.664238, -33.45359], [-70.664203, -33.453704], [-70.664144, -33.453767], [-70.663933, -33.45379], [-70.663805, -33.453766], [-70.663682, -33.45368], [-70.6636, -33.453706], [-70.663501, -33.453664], [-70.663441, -33.453677], [-70.66319, -33.453586], [-70.663185, -33.453341], [-70.663214, -33.453302], [-70.663188, -33.453139], [-70.663277, -33.453056], [-70.663288, -33.452892], [-70.663249, -33.452798], [-70.663293, -33.452747]]]]}}, {"type": "Feature", "properties": {"n": 19, "nmanzanas": 4, "centro": [-70.674335, -33.456594], "color": "#646567", "letras": "ABC"}, "geometry": {"type": "MultiPolygon", "coordinates": [[[[-70.672986, -33.455791], [-70.673107, -33.455783], [-70.673856, -33.45591], [-70.674091, -33.455982], [-70.674107, -33.456045], [-70.673986, -33.456727], [-70.673907, -33.456886], [-70.673786, -33.456894], [-70.673528, -33.456829], [-70.67354, -33.456331], [-70.672996, -33.456238], [-70.672904, -33.456195], [-70.672887, -33.456082], [-70.672928, -33.455874], [-70.672986, -33.455791]]], [[[-70.674401, -33.456041], [-70.674461, -33.456027], [-70.674855, -33.456116], [-70.675326, -33.456254], [-70.675342, -33.456323], [-70.675191, -33.456993], [-70.675125, -33.457107], [-70.674755, -33.457069], [-70.674217, -33.456951], [-70.674201, -33.456882], [-70.674357, -33.456092], [-70.674401, -33.456041]]], [[[-70.675592, -33.456344], [-70.675705, -33.456336], [-70.676386, -33.456452], [-70.676454, -33.456489], [-70.676471, -33.456577], [-70.676305, -33.457285], [-70.676261, -33.457336], [-70.676073, -33.457333], [-70.675383, -33.457179], [-70.675373, -33.45706], [-70.675547, -33.456389], [-70.675592, -33.456344]]], [[[-70.672786, -33.456645], [-70.672882, -33.45658], [-70.673306, -33.456637], [-70.673375, -33.456692], [-70.673376, -33.456762], [-70.67328, -33.456826], [-70.672849, -33.45677], [-70.67278, -33.456714], [-70.672786, -33.456645]]]]}}, {"type": "Feature", "properties": {"n": 20, "nmanzanas": 1, "centro": [-70.670642, -33.455821], "color": "#c3c312", "letras": "B"}, "geometry": {"type": "MultiPolygon", "coordinates": [[[[-70.669216, -33.455078], [-70.669321, -33.455039], [-70.670767, -33.455332], [-70.670821, -33.455388], [-70.670739, -33.455787], [-70.671338, -33.455935], [-70.671413, -33.455915], [-70.671473, -33.455555], [-70.671517, -33.455504], [-70.67166, -33.455502], [-70.672228, -33.455613], [-70.672275, -33.455663], [-70.672245, -33.456413], [-70.67221, -33.45654], [-70.672128, -33.456579], [-70.669061, -33.455937], [-70.669014, -33.45585], [-70.669216, -33.455078]]]]}}, {"type": "Feature", "properties": {"n": 21, "nmanzanas": 5, "centro": [-70.666121, -33.454912], "color": "#656668", "letras": "ABCG"}, "geometry": {"type": "MultiPolygon", "coordinates": [[[[-70.665641, -33.454337], [-70.665709, -33.454324], [-70.666096, -33.454425], [-70.666116, -33.454671], [-70.666065, -33.454747], [-70.665861, -33.454737], [-70.665656, -33.454671], [-70.665644, -33.454482], [-70.665598, -33.454426], [-70.665641, -33.454337]]], [[[-70.666376, -33.454484], [-70.666867, -33.454552], [-70.666952, -33.454614], [-70.666855, -33.455397], [-70.666827, -33.455473], [-70.666767, -33.455512], [-70.666344, -33.455455], [-70.666267, -33.455393], [-70.666296, -33.454605], [-70.666324, -33.454516], [-70.666376, -33.454484]]], [[[-70.664462, -33.45455], [-70.664598, -33.454548], [-70.664803, -33.454615], [-70.664834, -33.455011], [-70.66479, -33.455062], [-70.664662, -33.455064], [-70.664396, -33.454992], [-70.664418, -33.454601], [-70.664462, -33.45455]]], [[[-70.667201, -33.454629], [-70.667473, -33.454657], [-70.668867, -33.45497], [-70.668884, -33.455064], [-70.668761, -33.455671], [-70.668675, -33.455861], [-70.668622, -33.455875], [-70.667275, -33.455611], [-70.66707, -33.455545], [-70.667058, -33.455369], [-70.667109, -33.455286], [-70.667576, -33.455266], [-70.667606, -33.455235], [-70.667574, -33.455153], [-70.667219, -33.455139], [-70.667128, -33.455097], [-70.667157, -33.45468], [-70.667201, -33.454629]]], [[[-70.665555, -33.454874], [-70.665654, -33.454917], [-70.66567, -33.454986], [-70.665544, -33.45507], [-70.66546, -33.455033], [-70.665436, -33.454939], [-70.66548, -33.454888], [-70.665555, -33.454874]]]]}}, {"type": "Feature", "properties": {"n": 22, "nmanzanas": 6, "centro": [-70.66147, -33.454014], "color": "#fb9e30", "letras": "ABCDEF"}, "geometry": {"type": "MultiPolygon", "coordinates": [[[[-70.659826, -33.453157], [-70.660083, -33.453191], [-70.660144, -33.453247], [-70.660004, -33.454087], [-70.659907, -33.454152], [-70.659498, -33.45407], [-70.659452, -33.45402], [-70.659483, -33.453383], [-70.659617, -33.453268], [-70.659826, -33.453157]]], [[[-70.660454, -33.453299], [-70.660605, -33.453297], [-70.661143, -33.453428], [-70.661265, -33.453483], [-70.661283, -33.453615], [-70.661161, -33.454284], [-70.661117, -33.454335], [-70.660845, -33.454314], [-70.660353, -33.454215], [-70.660285, -33.454178], [-70.66025, -33.453989], [-70.660309, -33.453932], [-70.66033, -33.453837], [-70.660238, -33.453744], [-70.66022, -33.453643], [-70.660256, -33.453567], [-70.66039, -33.453483], [-70.66041, -33.45335], [-70.660454, -33.453299]]], [[[-70.659224, -33.453576], [-70.65927, -33.453626], [-70.659209, -33.453948], [-70.659089, -33.453988], [-70.658862, -33.453934], [-70.658816, -33.453885], [-70.658814, -33.453796], [-70.658871, -33.453638], [-70.65896, -33.453593], [-70.659224, -33.453576]]], [[[-70.661583, -33.45356], [-70.661651, -33.453546], [-70.661916, -33.453586], [-70.662757, -33.453776], [-70.662761, -33.453977], [-70.662702, -33.454054], [-70.662567, -33.454062], [-70.661916, -33.453952], [-70.661879, -33.453971], [-70.661858, -33.454054], [-70.661875, -33.454173], [-70.662632, -33.454313], [-70.662679, -33.454363], [-70.662676, -33.454571], [-70.662624, -33.454628], [-70.66242, -33.454625], [-70.66152, -33.454462], [-70.661443, -33.454425], [-70.661445, -33.454142], [-70.661525, -33.453668], [-70.661583, -33.45356]]], [[[-70.663068, -33.453891], [-70.663112, -33.45384], [-70.66318, -33.453826], [-70.664156, -33.454], [-70.664203, -33.45405], [-70.664184, -33.454252], [-70.664126, -33.454322], [-70.664058, -33.454336], [-70.663089, -33.454161], [-70.663043, -33.454111], [-70.663068, -33.453891]]], [[[-70.662998, -33.454484], [-70.66305, -33.454426], [-70.663125, -33.454413], [-70.664056, -33.454588], [-70.664117, -33.454644], [-70.664099, -33.454858], [-70.664048, -33.454916], [-70.663973, -33.454929], [-70.663057, -33.45476], [-70.662987, -33.454698], [-70.662998, -33.454484]]]]}}, {"type": "Feature", "properties": {"n": 23, "nmanzanas": 5, "centro": [-70.674928, -33.457964], "color": "#7c093c", "letras": "ABCDE"}, "geometry": {"type": "MultiPolygon", "coordinates": [[[[-70.678082, -33.45678], [-70.678128, -33.45683], [-70.67819, -33.457982], [-70.677973, -33.458061], [-70.676547, -33.458365], [-70.676419, -33.458367], [-70.676372, -33.458274], [-70.67675, -33.456567], [-70.676839, -33.456521], [-70.678082, -33.45678]]], [[[-70.672716, -33.456904], [-70.672844, -33.456902], [-70.673783, -33.457083], [-70.673837, -33.457139], [-70.673566, -33.458214], [-70.673514, -33.458272], [-70.672631, -33.458222], [-70.672381, -33.458188], [-70.672335, -33.458138], [-70.672564, -33.457209], [-70.672646, -33.45717], [-70.673115, -33.457257], [-70.673176, -33.45725], [-70.673205, -33.457212], [-70.673181, -33.457155], [-70.672719, -33.457042], [-70.672672, -33.456993], [-70.672716, -33.456904]]], [[[-70.674117, -33.457192], [-70.674207, -33.457178], [-70.675025, -33.457348], [-70.675071, -33.457398], [-70.674833, -33.458271], [-70.674775, -33.458367], [-70.673982, -33.458315], [-70.673883, -33.458254], [-70.673985, -33.457736], [-70.67396, -33.457616], [-70.674026, -33.457521], [-70.674065, -33.457256], [-70.674117, -33.457192]]], [[[-70.675283, -33.457445], [-70.67548, -33.457455], [-70.676138, -33.45759], [-70.676207, -33.457627], [-70.676223, -33.45769], [-70.676079, -33.458335], [-70.676028, -33.458405], [-70.675274, -33.458403], [-70.675054, -33.458356], [-70.675037, -33.458274], [-70.675225, -33.457522], [-70.675283, -33.457445]]], [[[-70.673817, -33.458683], [-70.674541, -33.45871], [-70.67464, -33.458753], [-70.67465, -33.458879], [-70.674567, -33.459227], [-70.674516, -33.459284], [-70.674373, -33.459293], [-70.673874, -33.459224], [-70.673684, -33.459164], [-70.673695, -33.458969], [-70.673772, -33.458728], [-70.673817, -33.458683]]]]}}, {"type": "Feature", "properties": {"n": 24, "nmanzanas": 3, "centro": [-70.669835, -33.457158], "color": "#1f9d4c", "letras": "B"}, "geometry": {"type": "MultiPolygon", "coordinates": [[[[-70.668892, -33.456167], [-70.668952, -33.456128], [-70.669035, -33.456127], [-70.669542, -33.456233], [-70.669641, -33.456282], [-70.669658, -33.456344], [-70.669582, -33.456673], [-70.669583, -33.456755], [-70.669629, -33.45678], [-70.669719, -33.456747], [-70.669817, -33.456374], [-70.669868, -33.456316], [-70.669921, -33.456303], [-70.670156, -33.456362], [-70.670202, -33.456412], [-70.670141, -33.457093], [-70.670051, -33.457133], [-70.66878, -33.456925], [-70.668734, -33.456875], [-70.668892, -33.456167]]], [[[-70.669503, -33.457588], [-70.669547, -33.457537], [-70.669637, -33.45751], [-70.669604, -33.457353], [-70.66967, -33.457296], [-70.670336, -33.457393], [-70.670426, -33.457373], [-70.670437, -33.457202], [-70.67039, -33.457115], [-70.670442, -33.457057], [-70.670544, -33.456558], [-70.670633, -33.456462], [-70.670776, -33.456473], [-70.670846, -33.456535], [-70.670701, -33.457173], [-70.670769, -33.45721], [-70.670829, -33.457152], [-70.670961, -33.45664], [-70.671042, -33.456557], [-70.671201, -33.456574], [-70.671247, -33.456623], [-70.671125, -33.457255], [-70.671156, -33.457286], [-70.671246, -33.457291], [-70.671283, -33.457265], [-70.671386, -33.456798], [-70.671474, -33.456639], [-70.671564, -33.456631], [-70.672117, -33.456768], [-70.672163, -33.456818], [-70.672093, -33.45811], [-70.672026, -33.458168], [-70.669582, -33.457757], [-70.669505, -33.457695], [-70.669503, -33.457588]]], [[[-70.668605, -33.457167], [-70.668687, -33.457128], [-70.669262, -33.45722], [-70.669309, -33.457307], [-70.669227, -33.457378], [-70.669214, -33.45746], [-70.669359, -33.457521], [-70.669354, -33.457678], [-70.669265, -33.457724], [-70.668576, -33.457596], [-70.668529, -33.457508], [-70.668605, -33.457167]]]]}}, {"type": "Feature", "properties": {"n": 25, "nmanzanas": 7, "centro": [-70.665905, -33.456556], "color": "#feebbc", "letras": "ABCFGH"}, "geometry": {"type": "MultiPolygon", "coordinates": [[[[-70.664584, -33.455324], [-70.664781, -33.455371], [-70.6648, -33.455547], [-70.664846, -33.455597], [-70.664803, -33.455686], [-70.664806, -33.455824], [-70.664837, -33.455862], [-70.664809, -33.455982], [-70.664856, -33.456032], [-70.664859, -33.456214], [-70.664771, -33.456316], [-70.664719, -33.45633], [-70.664627, -33.456293], [-70.6645, -33.456308], [-70.664446, -33.456258], [-70.664332, -33.456235], [-70.664286, -33.456185], [-70.664282, -33.456021], [-70.664332, -33.455857], [-70.664305, -33.455674], [-70.664349, -33.455623], [-70.664324, -33.45551], [-70.664404, -33.455358], [-70.664584, -33.455324]]], [[[-70.665191, -33.455491], [-70.665266, -33.455471], [-70.665508, -33.455518], [-70.665598, -33.455498], [-70.665811, -33.455589], [-70.666007, -33.455567], [-70.666484, -33.455661], [-70.666562, -33.455773], [-70.666667, -33.45574], [-70.666781, -33.455795], [-70.666797, -33.455864], [-70.666709, -33.45596], [-70.666697, -33.456105], [-70.666547, -33.456145], [-70.666594, -33.456207], [-70.666558, -33.456321], [-70.666665, -33.456389], [-70.66664, -33.456622], [-70.666665, -33.456729], [-70.666613, -33.456787], [-70.666639, -33.456938], [-70.666573, -33.457002], [-70.666597, -33.457089], [-70.666516, -33.457179], [-70.666381, -33.457219], [-70.666282, -33.457157], [-70.666272, -33.457044], [-70.666233, -33.457], [-70.666228, -33.456767], [-70.666273, -33.456716], [-70.666247, -33.456565], [-70.66608, -33.456536], [-70.66596, -33.456557], [-70.665861, -33.456495], [-70.665725, -33.456504], [-70.665618, -33.456449], [-70.665544, -33.456475], [-70.665362, -33.456452], [-70.665239, -33.456347], [-70.665177, -33.45626], [-70.665147, -33.455542], [-70.665191, -33.455491]]], [[[-70.667061, -33.455854], [-70.667233, -33.455801], [-70.667439, -33.45588], [-70.667543, -33.455847], [-70.667687, -33.455876], [-70.667741, -33.455919], [-70.667816, -33.455899], [-70.668535, -33.456034], [-70.668612, -33.456121], [-70.668637, -33.456208], [-70.668571, -33.45631], [-70.668596, -33.456436], [-70.66853, -33.4565], [-70.668556, -33.45667], [-70.668521, -33.456765], [-70.668371, -33.456842], [-70.668272, -33.4568], [-70.668183, -33.456833], [-70.668068, -33.456778], [-70.667993, -33.456798], [-70.667358, -33.456694], [-70.667297, -33.456644], [-70.66701, -33.456642], [-70.666964, -33.456592], [-70.666987, -33.45629], [-70.666948, -33.456196], [-70.667006, -33.4561], [-70.666981, -33.456006], [-70.667061, -33.455854]]], [[[-70.664299, -33.456456], [-70.664526, -33.456471], [-70.664595, -33.456539], [-70.664707, -33.456494], [-70.664829, -33.456542], [-70.664845, -33.456611], [-70.664794, -33.456675], [-70.664666, -33.456677], [-70.664573, -33.456578], [-70.664492, -33.45668], [-70.664539, -33.456755], [-70.664759, -33.456795], [-70.664797, -33.456826], [-70.664814, -33.456889], [-70.664769, -33.45694], [-70.664393, -33.456958], [-70.664279, -33.456935], [-70.664195, -33.456867], [-70.664178, -33.456798], [-70.664215, -33.456753], [-70.66424, -33.456526], [-70.664299, -33.456456]]], [[[-70.665585, -33.456657], [-70.665685, -33.456719], [-70.665689, -33.456908], [-70.66557, -33.456991], [-70.66547, -33.45693], [-70.665466, -33.456734], [-70.665585, -33.456657]]], [[[-70.665293, -33.456724], [-70.665392, -33.456786], [-70.665379, -33.4569], [-70.665297, -33.456939], [-70.66519, -33.456871], [-70.665203, -33.45677], [-70.665293, -33.456724]]], [[[-70.666852, -33.457023], [-70.666933, -33.456914], [-70.667098, -33.456874], [-70.668331, -33.45707], [-70.668408, -33.457144], [-70.668366, -33.457296], [-70.668399, -33.457428], [-70.668302, -33.457493], [-70.668091, -33.45747], [-70.668016, -33.45749], [-70.667901, -33.457429], [-70.667591, -33.457377], [-70.667516, -33.457403], [-70.667077, -33.457334], [-70.666856, -33.457212], [-70.666852, -33.457023]]]]}}, {"type": "Feature", "properties": {"n": 26, "nmanzanas": 6, "centro": [-70.661786, -33.455329], "color": "#1d9b4c", "letras": "ABCEFG"}, "geometry": {"type": "MultiPolygon", "coordinates": [[[[-70.658749, -33.454276], [-70.659096, -33.454309], [-70.659792, -33.454437], [-70.659907, -33.454486], [-70.659924, -33.454593], [-70.659783, -33.455401], [-70.659739, -33.455452], [-70.659679, -33.455466], [-70.658771, -33.455328], [-70.658536, -33.455262], [-70.658525, -33.45513], [-70.65869, -33.454353], [-70.658749, -33.454276]]], [[[-70.660232, -33.454544], [-70.66033, -33.454536], [-70.661026, -33.454671], [-70.661073, -33.45472], [-70.660999, -33.455144], [-70.661025, -33.455332], [-70.660959, -33.455396], [-70.660933, -33.455586], [-70.660889, -33.455637], [-70.660821, -33.45565], [-70.660133, -33.455541], [-70.660033, -33.455479], [-70.660167, -33.454665], [-70.660232, -33.454544]]], [[[-70.661435, -33.45474], [-70.661882, -33.454822], [-70.661928, -33.454872], [-70.661803, -33.455737], [-70.661692, -33.455814], [-70.661313, -33.455738], [-70.661206, -33.45567], [-70.661324, -33.454849], [-70.661353, -33.454779], [-70.661435, -33.45474]]], [[[-70.662495, -33.454932], [-70.662593, -33.45495], [-70.66264, -33.455044], [-70.662568, -33.455883], [-70.662509, -33.455966], [-70.662434, -33.455979], [-70.662244, -33.455919], [-70.662226, -33.455774], [-70.662347, -33.455054], [-70.662412, -33.454946], [-70.662495, -33.454932]]], [[[-70.662965, -33.455077], [-70.663047, -33.455038], [-70.664001, -33.455213], [-70.664048, -33.455262], [-70.664016, -33.455565], [-70.663934, -33.455604], [-70.662988, -33.455454], [-70.662942, -33.455405], [-70.662965, -33.455077]]], [[[-70.662918, -33.455707], [-70.663023, -33.455668], [-70.663946, -33.455818], [-70.663993, -33.455912], [-70.663946, -33.456171], [-70.663857, -33.45621], [-70.662934, -33.45606], [-70.662887, -33.45601], [-70.662918, -33.455707]]]]}}, {"type": "Feature", "properties": {"n": 27, "nmanzanas": 5, "centro": [-70.661308, -33.456339], "color": "#81b0e1", "letras": "ABCDE"}, "geometry": {"type": "MultiPolygon", "coordinates": [[[[-70.658466, -33.455541], [-70.658564, -33.455527], [-70.659585, -33.455688], [-70.659699, -33.455736], [-70.659716, -33.455812], [-70.659595, -33.456494], [-70.659543, -33.456552], [-70.659423, -33.456566], [-70.658426, -33.45648], [-70.658274, -33.456432], [-70.658257, -33.45635], [-70.658422, -33.455592], [-70.658466, -33.455541]]], [[[-70.66001, -33.455782], [-70.6601, -33.455768], [-70.660758, -33.455872], [-70.660842, -33.455909], [-70.660852, -33.456047], [-70.660751, -33.45659], [-70.660707, -33.456641], [-70.660579, -33.456656], [-70.66005, -33.456613], [-70.65986, -33.45656], [-70.659844, -33.456497], [-70.659965, -33.455833], [-70.66001, -33.455782]]], [[[-70.661182, -33.455966], [-70.661424, -33.455975], [-70.661885, -33.456051], [-70.661999, -33.456099], [-70.66199, -33.456377], [-70.661929, -33.456686], [-70.661885, -33.456737], [-70.661258, -33.456709], [-70.661061, -33.456649], [-70.661044, -33.456561], [-70.661138, -33.456018], [-70.661182, -33.455966]]], [[[-70.662264, -33.45612], [-70.662468, -33.456149], [-70.662529, -33.456205], [-70.662495, -33.456728], [-70.662399, -33.456793], [-70.662165, -33.456777], [-70.66208, -33.456716], [-70.662146, -33.456248], [-70.662182, -33.45616], [-70.662264, -33.45612]]], [[[-70.662863, -33.456269], [-70.662945, -33.45623], [-70.663867, -33.456368], [-70.663921, -33.456423], [-70.663871, -33.456872], [-70.663789, -33.456911], [-70.662874, -33.456823], [-70.662828, -33.456774], [-70.662863, -33.456269]]]]}}, {"type": "Feature", "properties": {"n": 28, "nmanzanas": 7, "centro": [-70.677093, -33.459982], "color": "#feebbb", "letras": "ABCDEF"}, "geometry": {"type": "MultiPolygon", "coordinates": [[[[-70.678025, -33.458394], [-70.678185, -33.458461], [-70.678256, -33.458586], [-70.678259, -33.458743], [-70.678215, -33.458794], [-70.67827, -33.458888], [-70.678291, -33.459159], [-70.678246, -33.45921], [-70.678254, -33.459544], [-70.678323, -33.459618], [-70.678326, -33.459769], [-70.678282, -33.45982], [-70.67833, -33.459971], [-70.678167, -33.46008], [-70.677978, -33.460045], [-70.677908, -33.459977], [-70.677705, -33.459999], [-70.677433, -33.459953], [-70.677371, -33.459897], [-70.677459, -33.459392], [-70.677434, -33.459278], [-70.677521, -33.459151], [-70.677559, -33.458791], [-70.677629, -33.458519], [-70.67768, -33.458462], [-70.678025, -33.458394]]], [[[-70.677185, -33.458595], [-70.677285, -33.458657], [-70.67729, -33.458896], [-70.677223, -33.45896], [-70.67724, -33.459048], [-70.677162, -33.459276], [-70.677188, -33.459433], [-70.677101, -33.459586], [-70.677127, -33.459749], [-70.677083, -33.4598], [-70.676917, -33.459822], [-70.676834, -33.459785], [-70.676817, -33.459697], [-70.676864, -33.459451], [-70.676845, -33.459256], [-70.676911, -33.459192], [-70.676972, -33.458851], [-70.676962, -33.458712], [-70.677065, -33.458603], [-70.677185, -33.458595]]], [[[-70.676608, -33.45873], [-70.676655, -33.45883], [-70.676553, -33.459367], [-70.676579, -33.459518], [-70.676447, -33.45969], [-70.676176, -33.459713], [-70.676106, -33.459594], [-70.67614, -33.459455], [-70.676116, -33.459349], [-70.67619, -33.459284], [-70.676293, -33.458835], [-70.676352, -33.458772], [-70.676555, -33.458718], [-70.676608, -33.45873]]], [[[-70.676204, -33.459952], [-70.676363, -33.460013], [-70.676411, -33.4601], [-70.676398, -33.46022], [-70.676346, -33.460278], [-70.676304, -33.460429], [-70.676329, -33.460543], [-70.676263, -33.460607], [-70.676214, -33.460771], [-70.676124, -33.460817], [-70.675866, -33.460738], [-70.675811, -33.460645], [-70.675898, -33.460454], [-70.675872, -33.460316], [-70.675939, -33.460252], [-70.675935, -33.460057], [-70.676031, -33.459967], [-70.676204, -33.459952]]], [[[-70.676854, -33.460056], [-70.676907, -33.460068], [-70.676993, -33.460167], [-70.67698, -33.460306], [-70.676944, -33.460351], [-70.676939, -33.460508], [-70.676971, -33.460583], [-70.676897, -33.460654], [-70.676872, -33.460862], [-70.676677, -33.460928], [-70.676578, -33.460866], [-70.676559, -33.460678], [-70.676625, -33.460614], [-70.676728, -33.460146], [-70.676787, -33.460069], [-70.676854, -33.460056]]], [[[-70.677325, -33.460213], [-70.677445, -33.460167], [-70.677552, -33.460216], [-70.677687, -33.460214], [-70.677764, -33.460301], [-70.677714, -33.460427], [-70.677632, -33.460466], [-70.677572, -33.460455], [-70.677525, -33.460405], [-70.677524, -33.460329], [-70.677411, -33.460344], [-70.677327, -33.460307], [-70.677325, -33.460213]]], [[[-70.677174, -33.460889], [-70.67727, -33.460825], [-70.677354, -33.460855], [-70.677473, -33.460771], [-70.677556, -33.460801], [-70.677692, -33.460774], [-70.677798, -33.460829], [-70.677796, -33.460722], [-70.677893, -33.460658], [-70.678022, -33.460732], [-70.678074, -33.460693], [-70.678157, -33.460685], [-70.678249, -33.460753], [-70.678289, -33.460866], [-70.678351, -33.460922], [-70.678398, -33.461028], [-70.678402, -33.461192], [-70.678305, -33.461257], [-70.678078, -33.461216], [-70.678002, -33.461167], [-70.677828, -33.461169], [-70.677661, -33.461096], [-70.67754, -33.46111], [-70.677449, -33.461049], [-70.677244, -33.461014], [-70.677175, -33.460946], [-70.677174, -33.460889]]]]}}, {"type": "Feature", "properties": {"n": 29, "nmanzanas": 9, "centro": [-70.676284, -33.462428], "color": "#8b3237", "letras": "ABCDEFGH"}, "geometry": {"type": "MultiPolygon", "coordinates": [[[[-70.675781, -33.460992], [-70.676107, -33.46105], [-70.676168, -33.461106], [-70.676002, -33.461801], [-70.675905, -33.461866], [-70.675603, -33.46182], [-70.675541, -33.461764], [-70.675684, -33.461056], [-70.675781, -33.460992]]], [[[-70.676531, -33.461144], [-70.676781, -33.461191], [-70.676827, -33.461241], [-70.676706, -33.461917], [-70.676654, -33.461987], [-70.676602, -33.462], [-70.676314, -33.461942], [-70.676268, -33.461892], [-70.676413, -33.46126], [-70.676449, -33.461183], [-70.676531, -33.461144]]], [[[-70.677055, -33.461326], [-70.677175, -33.46128], [-70.678386, -33.461501], [-70.678432, -33.461551], [-70.678455, -33.462275], [-70.678358, -33.462314], [-70.676973, -33.462083], [-70.676927, -33.462033], [-70.676925, -33.461939], [-70.677055, -33.461326]]], [[[-70.675406, -33.462125], [-70.675457, -33.462068], [-70.675525, -33.462054], [-70.676509, -33.462229], [-70.676563, -33.462284], [-70.676564, -33.462335], [-70.67646, -33.462406], [-70.675476, -33.462231], [-70.675422, -33.462194], [-70.675406, -33.462125]]], [[[-70.676828, -33.46235], [-70.67691, -33.462311], [-70.678431, -33.462553], [-70.678477, -33.462602], [-70.678505, -33.462854], [-70.678505, -33.463226], [-70.678423, -33.463265], [-70.676635, -33.463184], [-70.676587, -33.463084], [-70.676828, -33.46235]]], [[[-70.675353, -33.462473], [-70.675449, -33.462408], [-70.675737, -33.462461], [-70.675836, -33.462503], [-70.675853, -33.462579], [-70.675794, -33.462668], [-70.675681, -33.462676], [-70.675401, -33.462604], [-70.675354, -33.462554], [-70.675353, -33.462473]]], [[[-70.676131, -33.462543], [-70.676365, -33.462583], [-70.676427, -33.462639], [-70.676293, -33.463101], [-70.676197, -33.463166], [-70.676038, -33.463149], [-70.675977, -33.463093], [-70.676034, -33.462607], [-70.676131, -33.462543]]], [[[-70.675248, -33.462865], [-70.675345, -33.4628], [-70.675746, -33.462889], [-70.675793, -33.462989], [-70.675697, -33.463053], [-70.675379, -33.463001], [-70.675265, -33.462953], [-70.675248, -33.462865]]], [[[-70.675224, -33.463168], [-70.675314, -33.463154], [-70.676079, -33.463293], [-70.676148, -33.46333], [-70.67615, -33.463463], [-70.676024, -33.463918], [-70.675916, -33.464147], [-70.675803, -33.464154], [-70.675198, -33.46405], [-70.675031, -33.46399], [-70.675014, -33.463908], [-70.67518, -33.463219], [-70.675224, -33.463168]]]]}}, {"type": "Feature", "properties": {"n": 30, "nmanzanas": 6, "centro": [-70.674981, -33.460735], "color": "#249d51", "letras": "ABCDEF"}, "geometry": {"type": "MultiPolygon", "coordinates": [[[[-70.674972, -33.458773], [-70.675108, -33.458759], [-70.675727, -33.458806], [-70.675811, -33.458843], [-70.675828, -33.458962], [-70.675727, -33.459499], [-70.675661, -33.459595], [-70.675601, -33.459608], [-70.674882, -33.459499], [-70.674829, -33.459462], [-70.674812, -33.459387], [-70.674928, -33.458818], [-70.674972, -33.458773]]], [[[-70.674863, -33.45967], [-70.674992, -33.459699], [-70.675039, -33.459793], [-70.67491, -33.460469], [-70.674866, -33.46052], [-70.674799, -33.460534], [-70.674655, -33.460504], [-70.674608, -33.460455], [-70.67473, -33.459766], [-70.674796, -33.459683], [-70.674863, -33.45967]]], [[[-70.675476, -33.459786], [-70.675606, -33.459841], [-70.675622, -33.459917], [-70.675479, -33.460612], [-70.675435, -33.460663], [-70.675367, -33.460677], [-70.675246, -33.460641], [-70.675199, -33.460547], [-70.675343, -33.459902], [-70.675379, -33.459826], [-70.675476, -33.459786]]], [[[-70.674607, -33.460757], [-70.674782, -33.460792], [-70.674829, -33.460886], [-70.674663, -33.461607], [-70.674619, -33.461658], [-70.674559, -33.461672], [-70.674355, -33.46163], [-70.674307, -33.461537], [-70.674481, -33.460854], [-70.674547, -33.460771], [-70.674607, -33.460757]]], [[[-70.675198, -33.460874], [-70.675365, -33.46091], [-70.675419, -33.461003], [-70.675275, -33.46168], [-70.675231, -33.461731], [-70.675134, -33.461745], [-70.674982, -33.461716], [-70.674935, -33.461622], [-70.675094, -33.460939], [-70.675138, -33.460888], [-70.675198, -33.460874]]], [[[-70.674232, -33.461872], [-70.674284, -33.461858], [-70.674776, -33.461946], [-70.67511, -33.462035], [-70.675127, -33.462129], [-70.67496, -33.462793], [-70.674901, -33.462857], [-70.674826, -33.462871], [-70.674091, -33.462731], [-70.674038, -33.462694], [-70.674021, -33.462618], [-70.674085, -33.462416], [-70.674089, -33.462252], [-70.674166, -33.46198], [-70.674232, -33.461872]]]]}}, {"type": "Feature", "properties": {"n": 31, "nmanzanas": 4, "centro": [-70.673593, -33.461314], "color": "#800e3e", "letras": "ABCD"}, "geometry": {"type": "MultiPolygon", "coordinates": [[[[-70.673569, -33.459456], [-70.673652, -33.459442], [-70.673872, -33.459489], [-70.673918, -33.459539], [-70.673899, -33.45969], [-70.674042, -33.459713], [-70.674085, -33.459593], [-70.674167, -33.459554], [-70.674433, -33.459632], [-70.674443, -33.459764], [-70.674356, -33.460282], [-70.674291, -33.460409], [-70.674238, -33.460422], [-70.673958, -33.46037], [-70.673912, -33.46032], [-70.673901, -33.460169], [-70.673773, -33.460152], [-70.673729, -33.460228], [-70.673647, -33.460267], [-70.67345, -33.460226], [-70.673396, -33.460189], [-70.67338, -33.46012], [-70.673525, -33.459507], [-70.673569, -33.459456]]], [[[-70.673313, -33.460531], [-70.673479, -33.460528], [-70.674062, -33.460646], [-70.674245, -33.460712], [-70.674261, -33.460794], [-70.67411, -33.461489], [-70.674052, -33.461578], [-70.673939, -33.461586], [-70.673341, -33.461469], [-70.673105, -33.461391], [-70.673088, -33.461296], [-70.673255, -33.460613], [-70.673313, -33.460531]]], [[[-70.673034, -33.461587], [-70.673269, -33.461634], [-70.67333, -33.46169], [-70.673159, -33.462493], [-70.673069, -33.462538], [-70.67282, -33.462498], [-70.672758, -33.462442], [-70.672952, -33.461626], [-70.673034, -33.461587]]], [[[-70.673724, -33.461747], [-70.673943, -33.461794], [-70.67399, -33.461844], [-70.673825, -33.462602], [-70.673781, -33.462653], [-70.673706, -33.462667], [-70.673494, -33.462626], [-70.673446, -33.46252], [-70.673634, -33.461786], [-70.673724, -33.461747]]]]}}, {"type": "Feature", "properties": {"n": 32, "nmanzanas": 4, "centro": [-70.672511, -33.460287], "color": "#81b0e0", "letras": "ABCD"}, "geometry": {"type": "MultiPolygon", "coordinates": [[[[-70.672231, -33.458593], [-70.672374, -33.458554], [-70.673379, -33.458639], [-70.673426, -33.458727], [-70.673342, -33.459056], [-70.673215, -33.459102], [-70.672254, -33.458921], [-70.6722, -33.458865], [-70.672231, -33.458593]]], [[[-70.672184, -33.459193], [-70.672267, -33.459179], [-70.673145, -33.459349], [-70.673221, -33.459385], [-70.673231, -33.459499], [-70.673106, -33.459986], [-70.673026, -33.460132], [-70.672966, -33.460145], [-70.672383, -33.460034], [-70.672079, -33.45995], [-70.672061, -33.459787], [-70.67214, -33.459244], [-70.672184, -33.459193]]], [[[-70.672034, -33.460291], [-70.672117, -33.460278], [-70.672343, -33.460312], [-70.672935, -33.460454], [-70.672951, -33.460523], [-70.672777, -33.461219], [-70.672712, -33.461315], [-70.672637, -33.461328], [-70.672001, -33.461212], [-70.671917, -33.461169], [-70.671906, -33.460671], [-70.671965, -33.460582], [-70.671983, -33.460361], [-70.672034, -33.460291]]], [[[-70.671892, -33.461396], [-70.671967, -33.461382], [-70.672625, -33.461511], [-70.672672, -33.461561], [-70.672499, -33.462294], [-70.672433, -33.462396], [-70.672366, -33.46241], [-70.671821, -33.462311], [-70.671751, -33.462255], [-70.671827, -33.461548], [-70.671892, -33.461396]]]]}}, {"type": "Feature", "properties": {"n": 33, "nmanzanas": 4, "centro": [-70.676982, -33.465548], "color": "#feeaba", "letras": "ABCE"}, "geometry": {"type": "MultiPolygon", "coordinates": [[[[-70.67658, -33.463437], [-70.676677, -33.463398], [-70.677205, -33.463422], [-70.677448, -33.463475], [-70.677552, -33.463435], [-70.677667, -33.463497], [-70.677946, -33.463499], [-70.678081, -33.463459], [-70.678519, -33.46349], [-70.678565, -33.46354], [-70.678585, -33.463773], [-70.678549, -33.463874], [-70.678554, -33.464101], [-70.678593, -33.464145], [-70.678612, -33.464699], [-70.678658, -33.464748], [-70.67863, -33.464843], [-70.678481, -33.464902], [-70.678374, -33.464866], [-70.678187, -33.464926], [-70.677088, -33.465018], [-70.676974, -33.464963], [-70.676862, -33.464996], [-70.676278, -33.464872], [-70.676224, -33.464816], [-70.676215, -33.464741], [-70.676257, -33.46457], [-70.676323, -33.464487], [-70.676383, -33.464474], [-70.676595, -33.464514], [-70.676679, -33.464576], [-70.6768, -33.464562], [-70.676899, -33.464623], [-70.676997, -33.464603], [-70.677025, -33.464514], [-70.677009, -33.464464], [-70.676841, -33.464378], [-70.676751, -33.464399], [-70.676402, -33.464322], [-70.676356, -33.464272], [-70.676389, -33.464026], [-70.676478, -33.463955], [-70.676591, -33.463954], [-70.676629, -33.463991], [-70.676842, -33.464057], [-70.676916, -33.464031], [-70.677105, -33.464034], [-70.67711, -33.463921], [-70.676951, -33.463879], [-70.67689, -33.46383], [-70.676807, -33.46385], [-70.676489, -33.463766], [-70.676464, -33.463678], [-70.67658, -33.463437]]], [[[-70.676147, -33.465082], [-70.676229, -33.465043], [-70.67638, -33.465041], [-70.676729, -33.465117], [-70.676782, -33.465167], [-70.676866, -33.465185], [-70.678484, -33.465047], [-70.67862, -33.465058], [-70.678713, -33.465208], [-70.678678, -33.465303], [-70.678709, -33.465359], [-70.678697, -33.465504], [-70.678743, -33.465554], [-70.678773, -33.465868], [-70.678736, -33.465926], [-70.678798, -33.466], [-70.6788, -33.466063], [-70.678755, -33.466114], [-70.678804, -33.466296], [-70.678771, -33.466505], [-70.678689, -33.466544], [-70.67795, -33.466517], [-70.677722, -33.466457], [-70.677617, -33.46649], [-70.677361, -33.466488], [-70.677149, -33.466428], [-70.677021, -33.466436], [-70.676974, -33.466387], [-70.676965, -33.466298], [-70.677009, -33.466241], [-70.677006, -33.466096], [-70.677057, -33.466007], [-70.677047, -33.465907], [-70.677119, -33.465761], [-70.67711, -33.46566], [-70.677152, -33.465552], [-70.676986, -33.465504], [-70.676924, -33.465455], [-70.676819, -33.465475], [-70.676478, -33.465398], [-70.676409, -33.465349], [-70.676258, -33.465351], [-70.676113, -33.465234], [-70.676147, -33.465082]]], [[[-70.675962, -33.465967], [-70.676054, -33.46601], [-70.67607, -33.466072], [-70.676034, -33.466136], [-70.675952, -33.466175], [-70.675868, -33.466138], [-70.675851, -33.466063], [-70.675873, -33.466012], [-70.675962, -33.465967]]], [[[-70.67668, -33.466044], [-70.676787, -33.466112], [-70.676774, -33.466213], [-70.676692, -33.466252], [-70.676632, -33.46624], [-70.676585, -33.466191], [-70.676598, -33.466083], [-70.67668, -33.466044]]]]}}, {"type": "Feature", "properties": {"n": 34, "nmanzanas": 1, "centro": [-70.67532, -33.464714], "color": "#c4c543", "letras": "B"}, "geometry": {"type": "MultiPolygon", "coordinates": [[[[-70.674938, -33.464237], [-70.675225, -33.464258], [-70.675808, -33.464362], [-70.675884, -33.464399], [-70.675901, -33.4645], [-70.67583, -33.464702], [-70.67584, -33.464809], [-70.675774, -33.46493], [-70.675734, -33.465138], [-70.675675, -33.465202], [-70.675501, -33.465199], [-70.674835, -33.465057], [-70.674751, -33.465014], [-70.674734, -33.464952], [-70.674845, -33.464465], [-70.674938, -33.464237]]]]}}, {"type": "Feature", "properties": {"n": 35, "nmanzanas": 3, "centro": [-70.674196, -33.464019], "color": "#727274", "letras": "CDE"}, "geometry": {"type": "MultiPolygon", "coordinates": [[[[-70.674005, -33.462915], [-70.674065, -33.462901], [-70.674496, -33.462977], [-70.674853, -33.463072], [-70.67487, -33.463173], [-70.674808, -33.463432], [-70.674817, -33.463533], [-70.674748, -33.463798], [-70.674682, -33.463907], [-70.674622, -33.46392], [-70.673811, -33.46373], [-70.673794, -33.463636], [-70.673939, -33.463004], [-70.674005, -33.462915]]], [[[-70.673698, -33.464072], [-70.673749, -33.464002], [-70.673892, -33.464], [-70.674567, -33.464148], [-70.674614, -33.464248], [-70.674563, -33.464318], [-70.674465, -33.464326], [-70.673745, -33.464166], [-70.673698, -33.464072]]], [[[-70.673629, -33.464388], [-70.673726, -33.464324], [-70.674468, -33.464489], [-70.674522, -33.464526], [-70.674538, -33.464589], [-70.674442, -33.464654], [-70.673676, -33.464476], [-70.673629, -33.464388]]]]}}, {"type": "Feature", "properties": {"n": 36, "nmanzanas": 8, "centro": [-70.67319, -33.464945], "color": "#cac082", "letras": "ABCD"}, "geometry": {"type": "MultiPolygon", "coordinates": [[[[-70.672771, -33.462681], [-70.672854, -33.462667], [-70.673172, -33.462732], [-70.673316, -33.462799], [-70.673399, -33.462773], [-70.673505, -33.462796], [-70.673673, -33.462894], [-70.673698, -33.463001], [-70.673626, -33.463185], [-70.673643, -33.463286], [-70.673578, -33.4634], [-70.673574, -33.463583], [-70.673493, -33.46366], [-70.673395, -33.463674], [-70.673191, -33.463633], [-70.673114, -33.463577], [-70.673039, -33.463597], [-70.672933, -33.463548], [-70.672835, -33.463562], [-70.672758, -33.4635], [-70.672591, -33.463459], [-70.672557, -33.46327], [-70.672609, -33.463213], [-70.672651, -33.463061], [-70.672647, -33.462859], [-70.672771, -33.462681]]], [[[-70.672464, -33.463858], [-70.672493, -33.463782], [-70.672582, -33.463736], [-70.672862, -33.463789], [-70.673014, -33.463849], [-70.673135, -33.463848], [-70.673219, -33.463897], [-70.673235, -33.46396], [-70.673191, -33.464011], [-70.673086, -33.464031], [-70.672972, -33.463963], [-70.672889, -33.463996], [-70.67276, -33.463941], [-70.672694, -33.464018], [-70.672604, -33.464032], [-70.67252, -33.463995], [-70.672464, -33.463858]]], [[[-70.672499, -33.464071], [-70.672627, -33.464069], [-70.672703, -33.464112], [-70.672786, -33.46408], [-70.672846, -33.464091], [-70.672954, -33.464216], [-70.673058, -33.464132], [-70.673291, -33.464085], [-70.673375, -33.464121], [-70.673421, -33.464184], [-70.673401, -33.464297], [-70.673342, -33.464336], [-70.673228, -33.464313], [-70.673168, -33.464351], [-70.673267, -33.464381], [-70.673313, -33.464431], [-70.673294, -33.464589], [-70.673206, -33.464716], [-70.673108, -33.464724], [-70.672926, -33.464645], [-70.672836, -33.464665], [-70.672563, -33.464606], [-70.672493, -33.464506], [-70.672389, -33.464564], [-70.672305, -33.464528], [-70.672288, -33.464453], [-70.672333, -33.464401], [-70.672438, -33.4644], [-70.672508, -33.464506], [-70.672581, -33.464398], [-70.672694, -33.464383], [-70.672745, -33.464313], [-70.672668, -33.464233], [-70.672563, -33.464247], [-70.672479, -33.46421], [-70.672455, -33.464122], [-70.672499, -33.464071]]], [[[-70.672216, -33.464964], [-70.67232, -33.464893], [-70.672427, -33.464948], [-70.67251, -33.464922], [-70.672805, -33.46498], [-70.672889, -33.465036], [-70.673009, -33.465015], [-70.673147, -33.465108], [-70.673163, -33.46517], [-70.673075, -33.465254], [-70.673014, -33.465267], [-70.67228, -33.465139], [-70.672211, -33.465084], [-70.672216, -33.464964]]], [[[-70.673441, -33.465116], [-70.673501, -33.465102], [-70.67422, -33.46523], [-70.674342, -33.465279], [-70.674352, -33.465424], [-70.674188, -33.466189], [-70.674144, -33.46624], [-70.673314, -33.466246], [-70.673231, -33.466209], [-70.673213, -33.466109], [-70.673397, -33.465167], [-70.673441, -33.465116]]], [[[-70.672164, -33.465343], [-70.67227, -33.465341], [-70.672316, -33.465385], [-70.672346, -33.465731], [-70.672407, -33.465793], [-70.672717, -33.465832], [-70.672878, -33.465931], [-70.67292, -33.466125], [-70.672876, -33.466177], [-70.672681, -33.466236], [-70.672077, -33.46622], [-70.671993, -33.466183], [-70.672005, -33.465994], [-70.671973, -33.465913], [-70.672032, -33.465855], [-70.672105, -33.465407], [-70.672164, -33.465343]]], [[[-70.674705, -33.465355], [-70.674902, -33.465365], [-70.675545, -33.4655], [-70.675563, -33.465639], [-70.675455, -33.466233], [-70.675404, -33.466303], [-70.674627, -33.466283], [-70.674483, -33.466235], [-70.67448, -33.466083], [-70.674647, -33.465438], [-70.674705, -33.465355]]], [[[-70.672678, -33.465398], [-70.672821, -33.465402], [-70.673004, -33.465488], [-70.673021, -33.465563], [-70.672933, -33.465678], [-70.672797, -33.465686], [-70.672653, -33.465632], [-70.672634, -33.465449], [-70.672678, -33.465398]]]]}}, {"type": "Feature", "properties": {"n": 37, "nmanzanas": 2, "centro": [-70.67191, -33.463468], "color": "#289d50", "letras": "BC"}, "geometry": {"type": "MultiPolygon", "coordinates": [[[[-70.671779, -33.462482], [-70.672308, -33.462562], [-70.6724, -33.462624], [-70.672296, -33.463022], [-70.672343, -33.463128], [-70.672247, -33.463231], [-70.672198, -33.463395], [-70.672146, -33.463428], [-70.671692, -33.463352], [-70.671615, -33.463291], [-70.671578, -33.462951], [-70.671652, -33.462887], [-70.671648, -33.462723], [-70.671693, -33.462672], [-70.671712, -33.462539], [-70.671779, -33.462482]]], [[[-70.671696, -33.463548], [-70.672052, -33.463624], [-70.672129, -33.463686], [-70.672008, -33.4644], [-70.671912, -33.464464], [-70.671662, -33.464418], [-70.671616, -33.464368], [-70.671599, -33.463612], [-70.671696, -33.463548]]]]}}, {"type": "Feature", "properties": {"n": 38, "nmanzanas": 3, "centro": [-70.676573, -33.467074], "color": "#7e0d3d", "letras": "ABC"}, "geometry": {"type": "MultiPolygon", "coordinates": [[[[-70.674393, -33.466601], [-70.674482, -33.466562], [-70.675373, -33.466599], [-70.675419, -33.466649], [-70.675413, -33.467065], [-70.675331, -33.467104], [-70.674434, -33.467111], [-70.674387, -33.467061], [-70.674393, -33.466601]]], [[[-70.6757, -33.466733], [-70.675744, -33.466682], [-70.675819, -33.466668], [-70.676944, -33.46674], [-70.67719, -33.466938], [-70.677237, -33.467032], [-70.67714, -33.467096], [-70.675783, -33.46711], [-70.675714, -33.467054], [-70.6757, -33.466733]]], [[[-70.677518, -33.466775], [-70.677714, -33.46676], [-70.67877, -33.466801], [-70.678854, -33.466837], [-70.678886, -33.466931], [-70.679012, -33.468587], [-70.678967, -33.468638], [-70.678885, -33.468645], [-70.678816, -33.468602], [-70.67749, -33.466902], [-70.677474, -33.466826], [-70.677518, -33.466775]]]]}}, {"type": "Feature", "properties": {"n": 39, "nmanzanas": 4, "centro": [-70.675862, -33.467789], "color": "#209b4d", "letras": "ABCD"}, "geometry": {"type": "MultiPolygon", "coordinates": [[[[-70.676927, -33.467339], [-70.677031, -33.467293], [-70.677506, -33.467305], [-70.678104, -33.468115], [-70.678091, -33.468178], [-70.678008, -33.468217], [-70.677013, -33.468207], [-70.676967, -33.468157], [-70.676941, -33.468013], [-70.676927, -33.467339]]], [[[-70.674536, -33.46733], [-70.674718, -33.467346], [-70.674764, -33.467396], [-70.674781, -33.468183], [-70.674684, -33.468248], [-70.674503, -33.468244], [-70.674434, -33.468189], [-70.674417, -33.467401], [-70.674461, -33.46735], [-70.674536, -33.46733]]], [[[-70.67661, -33.467318], [-70.676656, -33.467368], [-70.676658, -33.468187], [-70.676576, -33.468226], [-70.675792, -33.468219], [-70.675745, -33.468169], [-70.675743, -33.467356], [-70.675825, -33.467317], [-70.67661, -33.467318]]], [[[-70.675313, -33.467325], [-70.675412, -33.467386], [-70.675436, -33.468174], [-70.67537, -33.468231], [-70.675166, -33.468241], [-70.675067, -33.468179], [-70.67505, -33.467392], [-70.675117, -33.467334], [-70.675313, -33.467325]]]]}}, {"type": "Feature", "properties": {"n": 40, "nmanzanas": 5, "centro": [-70.673576, -33.467105], "color": "#b391b2", "letras": "AB"}, "geometry": {"type": "MultiPolygon", "coordinates": [[[[-70.673162, -33.466544], [-70.673269, -33.466612], [-70.673276, -33.466914], [-70.673314, -33.466958], [-70.673265, -33.467116], [-70.673175, -33.467161], [-70.673076, -33.4671], [-70.673066, -33.466608], [-70.673162, -33.466544]]], [[[-70.67401, -33.466695], [-70.674109, -33.466757], [-70.674097, -33.46687], [-70.674015, -33.466909], [-70.673885, -33.466829], [-70.673898, -33.46676], [-70.67401, -33.466695]]], [[[-70.673407, -33.467063], [-70.673451, -33.467012], [-70.673602, -33.467004], [-70.673736, -33.466926], [-70.673873, -33.467], [-70.674015, -33.466947], [-70.674115, -33.467009], [-70.674094, -33.46711], [-70.67393, -33.467169], [-70.673846, -33.467145], [-70.673726, -33.467185], [-70.673597, -33.467142], [-70.673477, -33.467163], [-70.673424, -33.467132], [-70.673407, -33.467063]]], [[[-70.67378, -33.467228], [-70.673834, -33.467284], [-70.673785, -33.467442], [-70.673711, -33.467506], [-70.673605, -33.467508], [-70.673559, -33.467458], [-70.6736, -33.467281], [-70.673667, -33.46723], [-70.67378, -33.467228]]], [[[-70.673232, -33.467337], [-70.673347, -33.467411], [-70.673333, -33.46748], [-70.673236, -33.467532], [-70.673137, -33.467471], [-70.67315, -33.467376], [-70.673232, -33.467337]]]]}}, {"type": "Feature", "properties": {"n": 41, "nmanzanas": 5, "centro": [-70.671934, -33.467442], "color": "#f79c33", "letras": "ABCE"}, "geometry": {"type": "MultiPolygon", "coordinates": [[[[-70.671858, -33.466538], [-70.671955, -33.466499], [-70.672755, -33.46655], [-70.672818, -33.466656], [-70.67282, -33.467097], [-70.672738, -33.467136], [-70.6719, -33.467124], [-70.671854, -33.467074], [-70.671858, -33.466538]]], [[[-70.671537, -33.466719], [-70.671584, -33.466769], [-70.671575, -33.467053], [-70.671493, -33.467092], [-70.671281, -33.467082], [-70.671234, -33.466989], [-70.671336, -33.466823], [-70.671432, -33.466721], [-70.671537, -33.466719]]], [[[-70.671, -33.467339], [-70.6714, -33.467326], [-70.671499, -33.467388], [-70.671523, -33.468175], [-70.671479, -33.468226], [-70.671072, -33.468251], [-70.670973, -33.46819], [-70.670956, -33.46739], [-70.671, -33.467339]]], [[[-70.672863, -33.46738], [-70.672872, -33.467764], [-70.672827, -33.467816], [-70.671901, -33.467842], [-70.671801, -33.46778], [-70.671793, -33.467396], [-70.671837, -33.467345], [-70.672764, -33.467319], [-70.672863, -33.46738]]], [[[-70.672854, -33.46801], [-70.672857, -33.468155], [-70.672761, -33.46822], [-70.671909, -33.468232], [-70.67181, -33.468171], [-70.671807, -33.468026], [-70.671903, -33.467962], [-70.672755, -33.467949], [-70.672854, -33.46801]]]]}}, {"type": "Feature", "properties": {"n": 42, "nmanzanas": 3, "centro": [-70.676341, -33.468925], "color": "#626365", "letras": "ABC"}, "geometry": {"type": "MultiPolygon", "coordinates": [[[[-70.676975, -33.468535], [-70.677071, -33.468471], [-70.678361, -33.468483], [-70.678879, -33.469099], [-70.678942, -33.46923], [-70.678846, -33.469295], [-70.677075, -33.469334], [-70.677021, -33.469272], [-70.676975, -33.468535]]], [[[-70.675391, -33.468508], [-70.675437, -33.468558], [-70.675438, -33.469314], [-70.675356, -33.469353], [-70.674504, -33.469353], [-70.674458, -33.469303], [-70.674457, -33.468547], [-70.674539, -33.468508], [-70.675391, -33.468508]]], [[[-70.676635, -33.468509], [-70.676681, -33.468558], [-70.676675, -33.469308], [-70.676592, -33.469347], [-70.675816, -33.469346], [-70.675769, -33.469297], [-70.675769, -33.468547], [-70.675851, -33.468508], [-70.676635, -33.468509]]]]}}, {"type": "Feature", "properties": {"n": 43, "nmanzanas": 4, "centro": [-70.676841, -33.470038], "color": "#feebbd", "letras": "ABCD"}, "geometry": {"type": "MultiPolygon", "coordinates": [[[[-70.678926, -33.469539], [-70.679019, -33.469658], [-70.679006, -33.469721], [-70.678894, -33.469805], [-70.678608, -33.469828], [-70.678627, -33.47001], [-70.678732, -33.469977], [-70.678868, -33.469981], [-70.678921, -33.470012], [-70.678938, -33.470075], [-70.678841, -33.470139], [-70.678637, -33.470123], [-70.678593, -33.470162], [-70.678595, -33.47025], [-70.678694, -33.470293], [-70.678776, -33.47026], [-70.678949, -33.470264], [-70.678996, -33.470313], [-70.678982, -33.470383], [-70.6789, -33.470422], [-70.678779, -33.470424], [-70.678688, -33.470387], [-70.678606, -33.47042], [-70.678327, -33.470412], [-70.678272, -33.470312], [-70.678279, -33.469574], [-70.678383, -33.469529], [-70.678926, -33.469539]]], [[[-70.677833, -33.469556], [-70.677926, -33.469674], [-70.67789, -33.469757], [-70.677929, -33.469819], [-70.677934, -33.470033], [-70.67789, -33.470084], [-70.677936, -33.470146], [-70.677926, -33.470355], [-70.677784, -33.470432], [-70.677678, -33.470402], [-70.677558, -33.470436], [-70.677121, -33.47043], [-70.677074, -33.47038], [-70.677073, -33.46997], [-70.677027, -33.469921], [-70.677042, -33.469593], [-70.677125, -33.469554], [-70.677833, -33.469556]]], [[[-70.675376, -33.469592], [-70.675461, -33.469673], [-70.675472, -33.470221], [-70.675424, -33.470404], [-70.675334, -33.47045], [-70.67458, -33.470442], [-70.674526, -33.470386], [-70.674525, -33.46963], [-70.674607, -33.469591], [-70.675376, -33.469592]]], [[[-70.676105, -33.469808], [-70.676248, -33.469812], [-70.676294, -33.469862], [-70.676319, -33.469982], [-70.676394, -33.469955], [-70.676516, -33.470004], [-70.676636, -33.469958], [-70.676719, -33.469994], [-70.676736, -33.47007], [-70.676692, -33.470133], [-70.676754, -33.470189], [-70.676763, -33.470296], [-70.676668, -33.47043], [-70.675945, -33.470441], [-70.675853, -33.470398], [-70.675836, -33.470285], [-70.67588, -33.470234], [-70.675886, -33.470152], [-70.675968, -33.470113], [-70.676021, -33.470125], [-70.676117, -33.47006], [-70.675995, -33.469967], [-70.676016, -33.469885], [-70.676105, -33.469808]]]]}}, {"type": "Feature", "properties": {"n": 44, "nmanzanas": 6, "centro": [-70.672947, -33.469489], "color": "#84b1df", "letras": "ABCDEF"}, "geometry": {"type": "MultiPolygon", "coordinates": [[[[-70.672827, -33.468502], [-70.672926, -33.468564], [-70.672943, -33.469326], [-70.672898, -33.469377], [-70.672816, -33.469391], [-70.672716, -33.469329], [-70.6727, -33.468567], [-70.672744, -33.468516], [-70.672827, -33.468502]]], [[[-70.672329, -33.468503], [-70.672429, -33.468565], [-70.672445, -33.469333], [-70.672401, -33.469384], [-70.672318, -33.469398], [-70.672219, -33.469337], [-70.672203, -33.468568], [-70.672247, -33.468517], [-70.672329, -33.468503]]], [[[-70.673197, -33.468516], [-70.674033, -33.468497], [-70.674132, -33.46854], [-70.674164, -33.469308], [-70.67412, -33.469359], [-70.673276, -33.469384], [-70.673192, -33.469348], [-70.673153, -33.468567], [-70.673197, -33.468516]]], [[[-70.67285, -33.469598], [-70.67295, -33.46966], [-70.672966, -33.470403], [-70.672921, -33.470454], [-70.672839, -33.470468], [-70.672739, -33.470407], [-70.672724, -33.469663], [-70.672768, -33.469612], [-70.67285, -33.469598]]], [[[-70.672323, -33.469606], [-70.672406, -33.469618], [-70.672452, -33.469667], [-70.672468, -33.470398], [-70.672364, -33.470469], [-70.672288, -33.470451], [-70.672242, -33.470401], [-70.672226, -33.469671], [-70.672323, -33.469606]]], [[[-70.673228, -33.469612], [-70.674072, -33.469593], [-70.674155, -33.469629], [-70.674187, -33.470391], [-70.674143, -33.470442], [-70.673299, -33.470461], [-70.673215, -33.470425], [-70.673184, -33.469663], [-70.673228, -33.469612]]]]}}, {"type": "Feature", "properties": {"n": 45, "nmanzanas": 4, "centro": [-70.6715, -33.469494], "color": "#2e9b55", "letras": "ABDE"}, "geometry": {"type": "MultiPolygon", "coordinates": [[[[-70.671463, -33.468516], [-70.671509, -33.468566], [-70.671514, -33.469177], [-70.671487, -33.469322], [-70.671405, -33.469361], [-70.670975, -33.46933], [-70.670928, -33.46928], [-70.670928, -33.468543], [-70.67101, -33.468504], [-70.671463, -33.468516]]], [[[-70.671877, -33.468504], [-70.67193, -33.468516], [-70.671984, -33.46859], [-70.671993, -33.469328], [-70.671948, -33.469379], [-70.671858, -33.469393], [-70.671744, -33.469325], [-70.671728, -33.468575], [-70.671772, -33.468524], [-70.671877, -33.468504]]], [[[-70.671455, -33.469588], [-70.671502, -33.469637], [-70.671488, -33.470438], [-70.671406, -33.470477], [-70.670524, -33.470458], [-70.670477, -33.470409], [-70.670482, -33.469892], [-70.670564, -33.469853], [-70.670663, -33.469896], [-70.670942, -33.469898], [-70.670943, -33.469614], [-70.670987, -33.469563], [-70.671455, -33.469588]]], [[[-70.671885, -33.469587], [-70.672, -33.469655], [-70.672023, -33.470405], [-70.671979, -33.470456], [-70.671866, -33.47047], [-70.671767, -33.470408], [-70.671751, -33.469653], [-70.671795, -33.469601], [-70.671885, -33.469587]]]]}}, {"type": "Feature", "properties": {"n": 46, "nmanzanas": 3, "centro": [-70.670106, -33.468967], "color": "#8f435e", "letras": "ABF"}, "geometry": {"type": "MultiPolygon", "coordinates": [[[[-70.670515, -33.4679], [-70.670561, -33.46795], [-70.670549, -33.468083], [-70.670466, -33.468122], [-70.670346, -33.468111], [-70.670299, -33.468061], [-70.67032, -33.467985], [-70.670409, -33.467902], [-70.670515, -33.4679]]], [[[-70.670116, -33.468322], [-70.670186, -33.46839], [-70.670171, -33.468775], [-70.670225, -33.468843], [-70.670167, -33.468951], [-70.670192, -33.469039], [-70.670155, -33.46909], [-70.670144, -33.469254], [-70.670054, -33.4693], [-70.669519, -33.469282], [-70.669312, -33.469128], [-70.669398, -33.468919], [-70.669546, -33.468822], [-70.669619, -33.468695], [-70.66976, -33.468592], [-70.670003, -33.468324], [-70.670116, -33.468322]]], [[[-70.670029, -33.469508], [-70.670128, -33.46957], [-70.670146, -33.470407], [-70.670102, -33.470458], [-70.670041, -33.470472], [-70.669942, -33.47041], [-70.669924, -33.469573], [-70.669968, -33.469521], [-70.670029, -33.469508]]]]}}, {"type": "Feature", "properties": {"n": 47, "nmanzanas": 2, "centro": [-70.668761, -33.46997], "color": "#983b95", "letras": "A"}, "geometry": {"type": "MultiPolygon", "coordinates": [[[[-70.669142, -33.469307], [-70.669356, -33.469449], [-70.669354, -33.469688], [-70.669257, -33.469753], [-70.669159, -33.469729], [-70.668941, -33.469776], [-70.668906, -33.46989], [-70.669073, -33.469938], [-70.669145, -33.470164], [-70.669304, -33.470161], [-70.66935, -33.470211], [-70.669351, -33.47028], [-70.669255, -33.470345], [-70.669133, -33.470322], [-70.669076, -33.470436], [-70.66888, -33.470451], [-70.668781, -33.47039], [-70.668793, -33.469898], [-70.668671, -33.469837], [-70.668654, -33.469774], [-70.669038, -33.469359], [-70.669142, -33.469307]]], [[[-70.668574, -33.469882], [-70.668657, -33.469919], [-70.668674, -33.469988], [-70.668637, -33.470033], [-70.668625, -33.470184], [-70.668529, -33.470249], [-70.668445, -33.470212], [-70.668313, -33.470038], [-70.668304, -33.469981], [-70.668349, -33.46993], [-70.668574, -33.469882]]]]}}, {"type": "Feature", "properties": {"n": 48, "nmanzanas": 2, "centro": [-70.669901, -33.464294], "color": "#5dba48", "letras": "A"}, "geometry": {"type": "MultiPolygon", "coordinates": [[[[-70.66529, -33.457292], [-70.671905, -33.458485], [-70.671951, -33.458535], [-70.671895, -33.459071], [-70.671259, -33.463214], [-70.671214, -33.466422], [-70.667776, -33.470329], [-70.66762, -33.470439], [-70.665282, -33.470373], [-70.665182, -33.470311], [-70.665193, -33.457356], [-70.66529, -33.457292]]], [[[-70.671715, -33.464782], [-70.671859, -33.464812], [-70.671905, -33.464861], [-70.67181, -33.465367], [-70.671714, -33.465431], [-70.671614, -33.46537], [-70.671603, -33.464847], [-70.671647, -33.464796], [-70.671715, -33.464782]]]]}}, {"type": "Feature", "properties": {"n": 49, "nmanzanas": 4, "centro": [-70.664328, -33.460557], "color": "#c1c006", "letras": "ABCD"}, "geometry": {"type": "MultiPolygon", "coordinates": [[[[-70.664799, -33.457274], [-70.664845, -33.457323], [-70.664854, -33.458457], [-70.664772, -33.458496], [-70.663996, -33.458495], [-70.663949, -33.458446], [-70.663993, -33.457311], [-70.664075, -33.457272], [-70.664799, -33.457274]]], [[[-70.664785, -33.458736], [-70.664831, -33.458785], [-70.66483, -33.460827], [-70.664733, -33.460891], [-70.663873, -33.460873], [-70.663827, -33.460823], [-70.663823, -33.460634], [-70.663916, -33.459694], [-70.663957, -33.458786], [-70.664061, -33.458715], [-70.664785, -33.458736]]], [[[-70.663832, -33.461075], [-70.664729, -33.461074], [-70.664813, -33.461111], [-70.664849, -33.462099], [-70.664805, -33.462151], [-70.663818, -33.462172], [-70.663734, -33.462135], [-70.663788, -33.461126], [-70.663832, -33.461075]]], [[[-70.663739, -33.462362], [-70.664711, -33.462354], [-70.664795, -33.46239], [-70.66483, -33.463322], [-70.664786, -33.463373], [-70.663768, -33.463401], [-70.663685, -33.463364], [-70.663695, -33.462413], [-70.663739, -33.462362]]]]}}, {"type": "Feature", "properties": {"n": 50, "nmanzanas": 7, "centro": [-70.664184, -33.467853], "color": "#186838", "letras": "ABCDEF"}, "geometry": {"type": "MultiPolygon", "coordinates": [[[[-70.663704, -33.463578], [-70.664692, -33.463576], [-70.66479, -33.463594], [-70.664837, -33.463643], [-70.664835, -33.465345], [-70.664791, -33.465396], [-70.663787, -33.465329], [-70.663673, -33.465305], [-70.663627, -33.465256], [-70.66366, -33.463629], [-70.663704, -33.463578]]], [[[-70.663648, -33.465532], [-70.663745, -33.465493], [-70.664788, -33.465597], [-70.664834, -33.465647], [-70.664818, -33.466315], [-70.664766, -33.466348], [-70.664464, -33.466339], [-70.664411, -33.466309], [-70.664394, -33.46624], [-70.6645, -33.465866], [-70.664454, -33.465848], [-70.664258, -33.465857], [-70.664171, -33.46601], [-70.663847, -33.46604], [-70.663856, -33.466109], [-70.664106, -33.466168], [-70.664123, -33.466231], [-70.664064, -33.466308], [-70.663732, -33.466313], [-70.663626, -33.466289], [-70.66358, -33.466239], [-70.663576, -33.466057], [-70.663648, -33.465532]]], [[[-70.663579, -33.466529], [-70.663661, -33.46649], [-70.664786, -33.466549], [-70.664832, -33.466599], [-70.664813, -33.467109], [-70.664663, -33.467149], [-70.663727, -33.467107], [-70.663575, -33.467077], [-70.663529, -33.467028], [-70.663579, -33.466529]]], [[[-70.663559, -33.467386], [-70.664593, -33.467409], [-70.664767, -33.467463], [-70.664816, -33.469056], [-70.664772, -33.469107], [-70.663619, -33.469137], [-70.663535, -33.4691], [-70.663508, -33.467456], [-70.663559, -33.467386]]], [[[-70.664824, -33.469403], [-70.664826, -33.469503], [-70.664729, -33.469568], [-70.663621, -33.469584], [-70.663537, -33.469548], [-70.663513, -33.469473], [-70.663527, -33.469397], [-70.663609, -33.469358], [-70.664724, -33.469341], [-70.664824, -33.469403]]], [[[-70.663543, -33.4698], [-70.663639, -33.469735], [-70.664544, -33.469741], [-70.664748, -33.469763], [-70.664796, -33.469863], [-70.664774, -33.469914], [-70.664692, -33.469953], [-70.663643, -33.469924], [-70.66356, -33.469888], [-70.663543, -33.4698]]], [[[-70.663527, -33.470134], [-70.663624, -33.47007], [-70.66465, -33.470111], [-70.664779, -33.470153], [-70.664796, -33.470247], [-70.664775, -33.470298], [-70.664685, -33.470344], [-70.66378, -33.470319], [-70.663576, -33.470291], [-70.66353, -33.470241], [-70.663527, -33.470134]]]]}}, {"type": "Feature", "properties": {"n": 51, "nmanzanas": 12, "centro": [-70.659473, -33.463003], "color": "#57b949", "letras": ""}, "geometry": {"type": "MultiPolygon", "coordinates": [[[[-70.659385, -33.456894], [-70.659402, -33.456988], [-70.659208, -33.458497], [-70.659164, -33.458548], [-70.65718, -33.458515], [-70.657069, -33.458598], [-70.656997, -33.458751], [-70.656914, -33.458758], [-70.656845, -33.458715], [-70.656718, -33.458427], [-70.656734, -33.458112], [-70.656821, -33.457928], [-70.656786, -33.457695], [-70.656717, -33.457659], [-70.6567, -33.457589], [-70.656782, -33.457525], [-70.656735, -33.457425], [-70.656783, -33.457204], [-70.656894, -33.45712], [-70.657018, -33.456948], [-70.657493, -33.456941], [-70.657836, -33.456753], [-70.659301, -33.456858], [-70.659385, -33.456894]]], [[[-70.659815, -33.4569], [-70.659907, -33.456962], [-70.659769, -33.457248], [-70.659796, -33.45743], [-70.659921, -33.45763], [-70.659862, -33.458399], [-70.659818, -33.458482], [-70.659722, -33.458553], [-70.659398, -33.458564], [-70.659314, -33.458527], [-70.659297, -33.458433], [-70.659515, -33.457006], [-70.659581, -33.456904], [-70.659815, -33.4569]]], [[[-70.660519, -33.457022], [-70.660623, -33.456964], [-70.663591, -33.457203], [-70.663638, -33.457253], [-70.663642, -33.457474], [-70.663562, -33.458678], [-70.66348, -33.458717], [-70.660348, -33.458581], [-70.660301, -33.458475], [-70.660336, -33.45729], [-70.660519, -33.457022]]], [[[-70.660141, -33.458773], [-70.660188, -33.458861], [-70.660122, -33.459271], [-70.660085, -33.459303], [-70.659695, -33.459404], [-70.659464, -33.459571], [-70.659347, -33.459718], [-70.659282, -33.45987], [-70.659275, -33.46021], [-70.658852, -33.460538], [-70.658441, -33.461086], [-70.6571, -33.461118], [-70.657016, -33.461082], [-70.65701, -33.460427], [-70.657277, -33.460246], [-70.657388, -33.460119], [-70.657452, -33.459979], [-70.657418, -33.459425], [-70.657225, -33.458836], [-70.657222, -33.458735], [-70.657267, -33.458684], [-70.658979, -33.458715], [-70.660141, -33.458773]]], [[[-70.660337, -33.45877], [-70.663468, -33.458875], [-70.663568, -33.458937], [-70.663077, -33.470254], [-70.662981, -33.470319], [-70.659873, -33.470251], [-70.659774, -33.47019], [-70.660002, -33.469216], [-70.66006, -33.469146], [-70.660263, -33.469086], [-70.660367, -33.469022], [-70.660648, -33.46874], [-70.660887, -33.468289], [-70.661014, -33.467878], [-70.66109, -33.467196], [-70.661031, -33.466561], [-70.660886, -33.466109], [-70.660768, -33.465916], [-70.660629, -33.465766], [-70.660613, -33.465697], [-70.660657, -33.465646], [-70.661099, -33.465488], [-70.661314, -33.465353], [-70.661588, -33.465109], [-70.661786, -33.464867], [-70.662005, -33.464498], [-70.662155, -33.464124], [-70.66226, -33.463726], [-70.662317, -33.46324], [-70.662306, -33.462685], [-70.662252, -33.462302], [-70.662153, -33.461919], [-70.661986, -33.461474], [-70.661797, -33.461124], [-70.661564, -33.4608], [-70.661356, -33.460576], [-70.660949, -33.460248], [-70.66098, -33.459901], [-70.660884, -33.459676], [-70.660715, -33.459496], [-70.66047, -33.459367], [-70.660266, -33.45932], [-70.66022, -33.45927], [-70.660241, -33.458835], [-70.660337, -33.45877]]], [[[-70.659351, -33.459925], [-70.659452, -33.459691], [-70.659644, -33.459505], [-70.659891, -33.459401], [-70.660161, -33.459365], [-70.660518, -33.459454], [-70.660747, -33.459621], [-70.660889, -33.459877], [-70.660901, -33.460104], [-70.660797, -33.460175], [-70.660485, -33.460066], [-70.660205, -33.460014], [-70.659723, -33.46004], [-70.659454, -33.460126], [-70.659354, -33.460064], [-70.659351, -33.459925]]], [[[-70.65992, -33.460081], [-70.66035, -33.4601], [-70.660791, -33.460251], [-70.661204, -33.460534], [-70.661482, -33.460814], [-70.661715, -33.461138], [-70.661998, -33.461701], [-70.662161, -33.462278], [-70.662214, -33.46263], [-70.662228, -33.46331], [-70.662149, -33.463853], [-70.66203, -33.464246], [-70.661755, -33.464786], [-70.661468, -33.46513], [-70.661112, -33.465406], [-70.660828, -33.465537], [-70.660453, -33.465611], [-70.660098, -33.465598], [-70.659818, -33.465526], [-70.659582, -33.465423], [-70.659168, -33.465127], [-70.658914, -33.464866], [-70.658641, -33.464473], [-70.658421, -33.464022], [-70.658251, -33.463489], [-70.658173, -33.463012], [-70.658163, -33.462539], [-70.658198, -33.462079], [-70.658345, -33.461522], [-70.658546, -33.461065], [-70.658847, -33.460651], [-70.659172, -33.460357], [-70.659515, -33.460169], [-70.65992, -33.460081]]], [[[-70.658307, -33.461157], [-70.65836, -33.461188], [-70.658377, -33.461257], [-70.658212, -33.461663], [-70.658091, -33.462326], [-70.658088, -33.462931], [-70.658234, -33.463729], [-70.658505, -33.464418], [-70.65846, -33.464469], [-70.658092, -33.464525], [-70.657695, -33.464663], [-70.657412, -33.464825], [-70.657116, -33.465088], [-70.657034, -33.465095], [-70.656965, -33.46504], [-70.656989, -33.461246], [-70.657086, -33.461182], [-70.658307, -33.461157]]], [[[-70.65853, -33.464531], [-70.658621, -33.464574], [-70.65887, -33.464923], [-70.659155, -33.465209], [-70.659553, -33.46548], [-70.659864, -33.465608], [-70.659912, -33.465701], [-70.659602, -33.466046], [-70.659471, -33.466269], [-70.659322, -33.466674], [-70.659194, -33.467401], [-70.65924, -33.468163], [-70.659166, -33.468233], [-70.658525, -33.468564], [-70.658345, -33.468617], [-70.656974, -33.468297], [-70.656927, -33.468247], [-70.656958, -33.465462], [-70.657053, -33.465278], [-70.657244, -33.465054], [-70.657615, -33.464772], [-70.657921, -33.464641], [-70.658154, -33.464575], [-70.65853, -33.464531]]], [[[-70.660205, -33.465666], [-70.660402, -33.465694], [-70.66057, -33.465799], [-70.660724, -33.465979], [-70.660842, -33.466211], [-70.660992, -33.466845], [-70.661002, -33.467336], [-70.660931, -33.467879], [-70.660761, -33.468392], [-70.660535, -33.468767], [-70.660313, -33.468978], [-70.660179, -33.46905], [-70.659991, -33.469078], [-70.659801, -33.469011], [-70.659632, -33.468869], [-70.659397, -33.468425], [-70.659297, -33.467992], [-70.659282, -33.46728], [-70.659362, -33.466793], [-70.659598, -33.466198], [-70.659818, -33.465892], [-70.659996, -33.465744], [-70.660205, -33.465666]]], [[[-70.658482, -33.468665], [-70.659101, -33.468328], [-70.659198, -33.468295], [-70.659251, -33.468307], [-70.659305, -33.468363], [-70.659378, -33.468602], [-70.65955, -33.468876], [-70.659688, -33.469013], [-70.659925, -33.469167], [-70.659864, -33.469476], [-70.659759, -33.469528], [-70.659525, -33.469475], [-70.659007, -33.46925], [-70.65857, -33.468884], [-70.658469, -33.468747], [-70.658482, -33.468665]]], [[[-70.656946, -33.468423], [-70.656998, -33.468391], [-70.657096, -33.46839], [-70.658316, -33.46868], [-70.658587, -33.468998], [-70.658886, -33.469245], [-70.659176, -33.469411], [-70.659473, -33.469526], [-70.659761, -33.469598], [-70.659808, -33.469685], [-70.659668, -33.470198], [-70.659586, -33.470237], [-70.656953, -33.470162], [-70.656907, -33.470113], [-70.656946, -33.468423]]]]}}, {"type": "Feature", "properties": {"n": 52, "nmanzanas": 8, "centro": [-70.657444, -33.472139], "color": "#7d0a3d", "letras": "ABCDEFG"}, "geometry": {"type": "MultiPolygon", "coordinates": [[[[-70.657, -33.470584], [-70.657114, -33.470652], [-70.657078, -33.470734], [-70.657082, -33.470929], [-70.657145, -33.471023], [-70.657078, -33.471087], [-70.657052, -33.471604], [-70.657007, -33.471655], [-70.656849, -33.47167], [-70.65675, -33.471608], [-70.656783, -33.470682], [-70.656834, -33.470599], [-70.657, -33.470584]]], [[[-70.657348, -33.470629], [-70.65817, -33.470661], [-70.658254, -33.470698], [-70.658273, -33.470912], [-70.658229, -33.471662], [-70.658185, -33.471713], [-70.657438, -33.471699], [-70.657271, -33.471651], [-70.657296, -33.470687], [-70.657348, -33.470629]]], [[[-70.658608, -33.470673], [-70.659332, -33.470682], [-70.659415, -33.470718], [-70.659376, -33.471708], [-70.659332, -33.471759], [-70.65863, -33.471738], [-70.658524, -33.471695], [-70.658563, -33.470724], [-70.658608, -33.470673]]], [[[-70.65699, -33.471882], [-70.657036, -33.471932], [-70.657004, -33.472537], [-70.656922, -33.472576], [-70.656393, -33.472559], [-70.656347, -33.472509], [-70.656353, -33.472446], [-70.656674, -33.471925], [-70.656771, -33.471873], [-70.65699, -33.471882]]], [[[-70.657262, -33.471916], [-70.658016, -33.471917], [-70.658122, -33.471935], [-70.658168, -33.471984], [-70.658103, -33.473182], [-70.658059, -33.473233], [-70.657373, -33.473231], [-70.657221, -33.473208], [-70.657175, -33.473158], [-70.657211, -33.472024], [-70.657262, -33.471916]]], [[[-70.658559, -33.471909], [-70.659275, -33.47193], [-70.659359, -33.471948], [-70.659405, -33.471997], [-70.659318, -33.473246], [-70.659274, -33.473297], [-70.658618, -33.473288], [-70.658482, -33.473265], [-70.658436, -33.473215], [-70.6585, -33.471979], [-70.658559, -33.471909]]], [[[-70.656232, -33.472794], [-70.656382, -33.472754], [-70.656956, -33.47279], [-70.657003, -33.47284], [-70.656972, -33.473161], [-70.656829, -33.473208], [-70.656263, -33.473166], [-70.656217, -33.473116], [-70.656232, -33.472794]]], [[[-70.65602, -33.473094], [-70.656066, -33.473143], [-70.656053, -33.473232], [-70.655964, -33.473277], [-70.655873, -33.473266], [-70.655827, -33.473216], [-70.65584, -33.473153], [-70.655915, -33.473095], [-70.65602, -33.473094]]]]}}, {"type": "Feature", "properties": {"n": 53, "nmanzanas": 6, "centro": [-70.662904, -33.471951], "color": "#7aaede", "letras": "ABCDEF"}, "geometry": {"type": "MultiPolygon", "coordinates": [[[[-70.663538, -33.470619], [-70.664684, -33.470646], [-70.664768, -33.470683], [-70.664812, -33.472018], [-70.664767, -33.472069], [-70.663658, -33.472041], [-70.663514, -33.471993], [-70.663493, -33.47067], [-70.663538, -33.470619]]], [[[-70.659716, -33.470676], [-70.660349, -33.470648], [-70.660493, -33.470689], [-70.660513, -33.470941], [-70.660478, -33.471395], [-70.660484, -33.471691], [-70.660515, -33.47171], [-70.662868, -33.471763], [-70.66305, -33.471805], [-70.663073, -33.472163], [-70.663032, -33.473449], [-70.662988, -33.4735], [-70.659699, -33.473404], [-70.65957, -33.473356], [-70.659561, -33.472959], [-70.659672, -33.470727], [-70.659716, -33.470676]]], [[[-70.661729, -33.470658], [-70.661775, -33.470708], [-70.661755, -33.471515], [-70.661665, -33.47156], [-70.660851, -33.471547], [-70.660804, -33.471498], [-70.660802, -33.470697], [-70.660884, -33.470658], [-70.661729, -33.470658]]], [[[-70.662091, -33.470659], [-70.662965, -33.470646], [-70.663049, -33.470683], [-70.663043, -33.471483], [-70.662992, -33.471566], [-70.662125, -33.471554], [-70.662041, -33.471517], [-70.662033, -33.470774], [-70.662091, -33.470659]]], [[[-70.66358, -33.472238], [-70.663919, -33.472258], [-70.664019, -33.472319], [-70.664004, -33.473391], [-70.663907, -33.473455], [-70.663598, -33.473447], [-70.663483, -33.47338], [-70.663483, -33.472302], [-70.66358, -33.472238]]], [[[-70.66432, -33.472283], [-70.664719, -33.472284], [-70.664818, -33.472345], [-70.664842, -33.473435], [-70.664775, -33.473493], [-70.66433, -33.473474], [-70.66423, -33.473413], [-70.664253, -33.472341], [-70.66432, -33.472283]]]]}}, {"type": "Feature", "properties": {"n": 54, "nmanzanas": 6, "centro": [-70.667594, -33.471599], "color": "#fdeabb", "letras": "ABCDEH"}, "geometry": {"type": "MultiPolygon", "coordinates": [[[[-70.66526, -33.470782], [-70.665326, -33.470699], [-70.665379, -33.470686], [-70.666209, -33.470718], [-70.666353, -33.470779], [-70.666497, -33.47077], [-70.666586, -33.470731], [-70.666934, -33.470758], [-70.667032, -33.4708], [-70.667175, -33.470773], [-70.667229, -33.470804], [-70.667245, -33.470873], [-70.667195, -33.470974], [-70.66712, -33.471032], [-70.666819, -33.471036], [-70.66617, -33.471002], [-70.666063, -33.470947], [-70.665958, -33.470993], [-70.665513, -33.470968], [-70.665331, -33.470907], [-70.66526, -33.470782]]], [[[-70.667094, -33.471587], [-70.667123, -33.471511], [-70.667463, -33.471178], [-70.667491, -33.471064], [-70.667586, -33.470943], [-70.667817, -33.470801], [-70.667938, -33.470837], [-70.66802, -33.470811], [-70.668375, -33.470824], [-70.668566, -33.470916], [-70.66873, -33.470844], [-70.668866, -33.470848], [-70.668957, -33.470898], [-70.669137, -33.470857], [-70.669847, -33.470891], [-70.66996, -33.470914], [-70.670061, -33.471039], [-70.670075, -33.471713], [-70.669994, -33.471802], [-70.669942, -33.471815], [-70.667294, -33.471741], [-70.667142, -33.471674], [-70.667094, -33.471587]]], [[[-70.670572, -33.470943], [-70.671363, -33.470925], [-70.671454, -33.470968], [-70.671443, -33.471119], [-70.671489, -33.471169], [-70.671495, -33.471471], [-70.671437, -33.471547], [-70.671463, -33.471705], [-70.671382, -33.471807], [-70.671269, -33.471808], [-70.671172, -33.471854], [-70.67102, -33.471806], [-70.670674, -33.471842], [-70.670521, -33.47175], [-70.670495, -33.471209], [-70.670539, -33.471158], [-70.67052, -33.471007], [-70.670572, -33.470943]]], [[[-70.665279, -33.471677], [-70.665271, -33.471293], [-70.665338, -33.471235], [-70.665481, -33.471239], [-70.665586, -33.4712], [-70.666333, -33.471239], [-70.66647, -33.4713], [-70.666567, -33.471261], [-70.666763, -33.471258], [-70.666863, -33.471319], [-70.666843, -33.471477], [-70.666733, -33.471599], [-70.666613, -33.471619], [-70.666532, -33.471715], [-70.665394, -33.471751], [-70.665279, -33.471677]]], [[[-70.666199, -33.472016], [-70.666245, -33.472066], [-70.666239, -33.472148], [-70.666084, -33.47227], [-70.666062, -33.472333], [-70.665981, -33.472404], [-70.66596, -33.472492], [-70.665878, -33.472537], [-70.665858, -33.472651], [-70.665731, -33.472703], [-70.665702, -33.472773], [-70.665547, -33.47292], [-70.665519, -33.473003], [-70.665415, -33.473093], [-70.665309, -33.473094], [-70.665263, -33.473044], [-70.665256, -33.472704], [-70.66521, -33.472655], [-70.665214, -33.472516], [-70.665273, -33.472458], [-70.665234, -33.472018], [-70.665316, -33.471979], [-70.665806, -33.471965], [-70.665935, -33.472007], [-70.666077, -33.47198], [-70.666199, -33.472016]]], [[[-70.667978, -33.471983], [-70.668061, -33.47202], [-70.668116, -33.472101], [-70.668103, -33.472196], [-70.667991, -33.472273], [-70.667908, -33.472236], [-70.667883, -33.472123], [-70.667895, -33.472022], [-70.667978, -33.471983]]]]}}, {"type": "Feature", "properties": {"n": 55, "nmanzanas": 9, "centro": [-70.667871, -33.472662], "color": "#64bd57", "letras": "ABCDEFGIJ"}, "geometry": {"type": "MultiPolygon", "coordinates": [[[[-70.666733, -33.471951], [-70.666974, -33.471948], [-70.667058, -33.471984], [-70.667079, -33.47228], [-70.667035, -33.472331], [-70.666922, -33.472333], [-70.666624, -33.472167], [-70.666608, -33.472092], [-70.666733, -33.471951]]], [[[-70.667374, -33.471961], [-70.667548, -33.471977], [-70.667594, -33.472027], [-70.667602, -33.472417], [-70.667558, -33.472468], [-70.667431, -33.472495], [-70.66734, -33.472472], [-70.667293, -33.472422], [-70.667277, -33.472025], [-70.667374, -33.471961]]], [[[-70.668423, -33.471996], [-70.668522, -33.472057], [-70.668526, -33.472265], [-70.668475, -33.472322], [-70.668407, -33.472336], [-70.6683, -33.472268], [-70.668296, -33.47206], [-70.66834, -33.472009], [-70.668423, -33.471996]]], [[[-70.668695, -33.472036], [-70.668777, -33.471997], [-70.669109, -33.472023], [-70.669164, -33.472117], [-70.669153, -33.472281], [-70.66907, -33.47232], [-70.668731, -33.472312], [-70.668685, -33.472263], [-70.668695, -33.472036]]], [[[-70.667074, -33.472753], [-70.667109, -33.473704], [-70.667065, -33.473755], [-70.665385, -33.473792], [-70.665301, -33.473756], [-70.665284, -33.473687], [-70.666343, -33.472417], [-70.666449, -33.472416], [-70.667074, -33.472753]]], [[[-70.669142, -33.472495], [-70.669188, -33.472545], [-70.669209, -33.473175], [-70.669128, -33.473245], [-70.668843, -33.473344], [-70.668753, -33.473339], [-70.668707, -33.473289], [-70.668691, -33.472552], [-70.668788, -33.472488], [-70.669142, -33.472495]]], [[[-70.668433, -33.472493], [-70.668517, -33.47253], [-70.668549, -33.472599], [-70.668543, -33.473027], [-70.668582, -33.473108], [-70.668545, -33.473153], [-70.668573, -33.473392], [-70.668522, -33.47345], [-70.668432, -33.473476], [-70.668332, -33.473415], [-70.668314, -33.472558], [-70.668358, -33.472507], [-70.668433, -33.472493]]], [[[-70.668019, -33.472499], [-70.668079, -33.472511], [-70.668126, -33.472561], [-70.668154, -33.473524], [-70.668057, -33.473589], [-70.667913, -33.473566], [-70.667852, -33.47351], [-70.667832, -33.47259], [-70.667876, -33.472539], [-70.668019, -33.472499]]], [[[-70.667516, -33.472633], [-70.667616, -33.472694], [-70.667626, -33.473513], [-70.667581, -33.473564], [-70.667416, -33.473579], [-70.667317, -33.473518], [-70.667292, -33.472737], [-70.667337, -33.472686], [-70.667516, -33.472633]]]]}}, {"type": "Feature", "properties": {"n": 56, "nmanzanas": 11, "centro": [-70.668969, -33.474619], "color": "#ce6a2e", "letras": "ABCDEFGHIJK"}, "geometry": {"type": "MultiPolygon", "coordinates": [[[[-70.669608, -33.473484], [-70.670015, -33.473484], [-70.670122, -33.473552], [-70.670141, -33.47444], [-70.670097, -33.474491], [-70.669645, -33.47451], [-70.669546, -33.474449], [-70.669557, -33.473548], [-70.669608, -33.473484]]], [[[-70.669133, -33.473504], [-70.669233, -33.473565], [-70.669257, -33.474365], [-70.669161, -33.474429], [-70.668751, -33.474291], [-70.668704, -33.474241], [-70.668707, -33.473674], [-70.669133, -33.473504]]], [[[-70.67141, -33.473501], [-70.671457, -33.473551], [-70.671462, -33.474483], [-70.671379, -33.474522], [-70.67061, -33.474521], [-70.670564, -33.474471], [-70.670559, -33.473545], [-70.670702, -33.473499], [-70.67141, -33.473501]]], [[[-70.667426, -33.473693], [-70.667712, -33.473695], [-70.667888, -33.473799], [-70.667891, -33.473919], [-70.667803, -33.474065], [-70.667487, -33.474089], [-70.667403, -33.474052], [-70.667382, -33.473744], [-70.667426, -33.473693]]], [[[-70.668415, -33.473741], [-70.668514, -33.473803], [-70.668514, -33.474137], [-70.668431, -33.474176], [-70.66828, -33.474127], [-70.668157, -33.474035], [-70.668168, -33.473839], [-70.668415, -33.473741]]], [[[-70.667454, -33.474329], [-70.667469, -33.475708], [-70.667425, -33.475759], [-70.665298, -33.475766], [-70.665215, -33.475729], [-70.665199, -33.474268], [-70.665243, -33.474217], [-70.665687, -33.474197], [-70.665829, -33.474101], [-70.667019, -33.474083], [-70.667119, -33.474145], [-70.667137, -33.474283], [-70.667371, -33.474292], [-70.667454, -33.474329]]], [[[-70.667807, -33.474254], [-70.668011, -33.474276], [-70.668217, -33.474361], [-70.668271, -33.474417], [-70.668213, -33.474532], [-70.668232, -33.475414], [-70.668266, -33.475621], [-70.668223, -33.475722], [-70.668141, -33.475761], [-70.66781, -33.475785], [-70.66771, -33.475724], [-70.667711, -33.474319], [-70.667807, -33.474254]]], [[[-70.668619, -33.474507], [-70.668772, -33.47458], [-70.668788, -33.474649], [-70.668722, -33.474738], [-70.668743, -33.475727], [-70.668699, -33.475778], [-70.668586, -33.475793], [-70.668487, -33.475731], [-70.668463, -33.474616], [-70.668552, -33.47452], [-70.668619, -33.474507]]], [[[-70.669129, -33.47472], [-70.669251, -33.4748], [-70.669262, -33.475657], [-70.669212, -33.475777], [-70.669084, -33.475804], [-70.668985, -33.475743], [-70.668988, -33.474816], [-70.669062, -33.474733], [-70.669129, -33.47472]]], [[[-70.670081, -33.474794], [-70.670127, -33.474843], [-70.670146, -33.475725], [-70.670049, -33.47579], [-70.669574, -33.475784], [-70.669528, -33.475734], [-70.669517, -33.474853], [-70.669613, -33.474788], [-70.670081, -33.474794]]], [[[-70.671408, -33.474793], [-70.671454, -33.474843], [-70.671458, -33.47575], [-70.671376, -33.475789], [-70.670569, -33.475788], [-70.670523, -33.475739], [-70.670519, -33.474831], [-70.670601, -33.474792], [-70.671408, -33.474793]]]]}}, {"type": "Feature", "properties": {"n": 57, "nmanzanas": 10, "centro": [-70.671998, -33.47288], "color": "#7fa1c5", "letras": "ABCDEFGH"}, "geometry": {"type": "MultiPolygon", "coordinates": [[[[-70.672878, -33.470896], [-70.672962, -33.470932], [-70.672986, -33.471001], [-70.673003, -33.471808], [-70.672959, -33.471859], [-70.672869, -33.471873], [-70.672769, -33.471811], [-70.672751, -33.470961], [-70.672795, -33.47091], [-70.672878, -33.470896]]], [[[-70.672388, -33.470903], [-70.672487, -33.470965], [-70.672505, -33.471796], [-70.672461, -33.471847], [-70.672371, -33.471861], [-70.672271, -33.4718], [-70.672254, -33.470968], [-70.672298, -33.470917], [-70.672388, -33.470903]]], [[[-70.671928, -33.47091], [-70.672028, -33.470972], [-70.672045, -33.471803], [-70.672001, -33.471854], [-70.671896, -33.471868], [-70.671797, -33.471807], [-70.671779, -33.470975], [-70.671823, -33.470924], [-70.671928, -33.47091]]], [[[-70.669984, -33.472035], [-70.670084, -33.472097], [-70.670107, -33.473205], [-70.670011, -33.47327], [-70.669664, -33.473275], [-70.669565, -33.473214], [-70.669586, -33.472092], [-70.669683, -33.472027], [-70.669984, -33.472035]]], [[[-70.670558, -33.472071], [-70.671365, -33.472078], [-70.671449, -33.472114], [-70.671478, -33.472757], [-70.671464, -33.473204], [-70.67142, -33.473255], [-70.670878, -33.473276], [-70.670636, -33.473267], [-70.670553, -33.47323], [-70.670514, -33.472122], [-70.670558, -33.472071]]], [[[-70.671826, -33.472128], [-70.671908, -33.472089], [-70.672964, -33.472104], [-70.67301, -33.472154], [-70.672999, -33.472684], [-70.672917, -33.472723], [-70.672374, -33.472724], [-70.672284, -33.472764], [-70.672148, -33.472728], [-70.671869, -33.472726], [-70.671823, -33.472676], [-70.671826, -33.472128]]], [[[-70.672973, -33.472892], [-70.67302, -33.472942], [-70.673039, -33.473861], [-70.672943, -33.473926], [-70.672543, -33.473919], [-70.672496, -33.473869], [-70.672477, -33.472956], [-70.672581, -33.472885], [-70.672973, -33.472892]]], [[[-70.671925, -33.472895], [-70.672174, -33.472898], [-70.672274, -33.472959], [-70.672293, -33.473879], [-70.672196, -33.473943], [-70.671948, -33.473947], [-70.671848, -33.473885], [-70.671829, -33.472959], [-70.671925, -33.472895]]], [[[-70.673038, -33.474145], [-70.673063, -33.474976], [-70.673019, -33.475027], [-70.671971, -33.475062], [-70.671888, -33.475025], [-70.671855, -33.474194], [-70.671899, -33.474143], [-70.672924, -33.474102], [-70.673038, -33.474145]]], [[[-70.672881, -33.475269], [-70.672897, -33.475344], [-70.672809, -33.475465], [-70.672676, -33.475574], [-70.672407, -33.475698], [-70.672333, -33.475762], [-70.672033, -33.475836], [-70.671859, -33.475782], [-70.67184, -33.475606], [-70.671877, -33.475561], [-70.671871, -33.475315], [-70.671915, -33.475264], [-70.672797, -33.475232], [-70.672881, -33.475269]]]]}}, {"type": "Feature", "properties": {"n": 58, "nmanzanas": 5, "centro": [-70.677451, -33.471445], "color": "#7c073b", "letras": "ABCDE"}, "geometry": {"type": "MultiPolygon", "coordinates": [[[[-70.677807, -33.470779], [-70.679118, -33.470746], [-70.679202, -33.470783], [-70.679275, -33.472086], [-70.679216, -33.472156], [-70.678947, -33.472267], [-70.678713, -33.472271], [-70.678629, -33.472234], [-70.678574, -33.471416], [-70.677888, -33.471414], [-70.677804, -33.471377], [-70.677763, -33.47083], [-70.677807, -33.470779]]], [[[-70.677377, -33.470772], [-70.677476, -33.470834], [-70.677501, -33.471987], [-70.677404, -33.472051], [-70.67717, -33.472054], [-70.677071, -33.471993], [-70.677046, -33.47084], [-70.677143, -33.470776], [-70.677377, -33.470772]]], [[[-70.679895, -33.470754], [-70.679994, -33.470815], [-70.680048, -33.471571], [-70.679895, -33.471812], [-70.679747, -33.471941], [-70.679567, -33.472025], [-70.679468, -33.471964], [-70.679444, -33.470836], [-70.679541, -33.470772], [-70.679895, -33.470754]]], [[[-70.676706, -33.470807], [-70.676806, -33.470869], [-70.676836, -33.47228], [-70.676762, -33.47235], [-70.676476, -33.472361], [-70.676361, -33.472293], [-70.676331, -33.470882], [-70.676428, -33.470818], [-70.676706, -33.470807]]], [[[-70.676112, -33.47086], [-70.676122, -33.472045], [-70.676078, -33.472096], [-70.675219, -33.472147], [-70.674508, -33.47239], [-70.674138, -33.472339], [-70.674016, -33.47229], [-70.673972, -33.470917], [-70.674016, -33.470866], [-70.676028, -33.470824], [-70.676112, -33.47086]]]]}}]}